email,lemma (Musterlösung),answer in session 1,answer in session 2,location,correct in session 1,correct in session 2
7,action,toiminta,,swiss,,
8,action,action,-1,swiss,1,
13,action,,-1,swiss,,
16,action,institution,-1,swiss,0,
18,action,,action,swiss,,1
24,action,,-1,swiss,,
27,action,action,-1,swiss,1,
30,action,,-1,swiss,,
31,action,,-1,swiss,,
33,action,action,,swiss,1,
35,action,,,swiss,,
36,action,education,education,swiss,0,0
42,action,actions,organisation,aachen,1,0
45,action,,,aachen,,
46,action,program,program,aachen,0,0
47,action,,,aachen,,
48,action,,,aachen,,
55,action,,,aachen,,
5,action,-1,,swiss,,
4,action,-1,,swiss,,
38,action,-1,,swiss,,
1,bear,,-1,swiss,,
2,bear,,-1,swiss,,
3,bear,bear,-1,swiss,1,
4,bear,son,,swiss,0,
7,bear,karhu,born,swiss,,1
8,bear,,-1,swiss,,
9,bear,nominated,-1,swiss,0,
11,bear,?,-1,swiss,,
14,bear,,-1,swiss,,
15,bear,,-1,swiss,,
16,bear,,-1,swiss,,
18,bear,,,swiss,,
20,bear,,-1,swiss,,
21,bear,king,-1,swiss,0,
22,bear,,-1,swiss,,
24,bear,bear,-1,swiss,1,
25,bear,bear,-1,swiss,1,
30,bear,,-1,swiss,,
31,bear,king,-1,swiss,0,
32,bear,reseigned,-1,swiss,0,
33,bear,bear,bear,swiss,1,1
35,bear,,,swiss,,
36,bear,king,,swiss,0,
37,bear,advisor,advisor,swiss,0,0
39,bear,,-1,swiss,,
41,bear,named,king,aachen,0,0
42,bear,,,aachen,,
45,bear,,,aachen,,
46,bear,,husband,aachen,,0
47,bear,,,aachen,,
48,bear,,,aachen,,
49,bear,,father,aachen,,0
50,bear,,,aachen,,
54,bear,,,aachen,,
55,bear,,,aachen,,
56,bear,,,aachen,,
57,bear,,,aachen,,
5,bear,-1,,swiss,,
17,bear,-1,,swiss,,
26,bear,-1,,swiss,,
38,bear,-1,,swiss,,
0,begin,begin,-1,swiss,1,
1,begin,begun,-1,swiss,1,
2,begin,,-1,swiss,,
3,begin,abolished,-1,swiss,0,
4,begin,began,,swiss,1,
5,begin,were,consist,swiss,0,0
6,begin,,-1,swiss,,
7,begin,alkaa,,swiss,,
8,begin,,-1,swiss,,
9,begin,support,-1,swiss,0,
10,begin,,-1,swiss,,
11,begin,begin,-1,swiss,1,
12,begin,,-1,swiss,,
13,begin,,-1,swiss,,
14,begin,began,-1,swiss,1,
15,begin,began,-1,swiss,1,
16,begin,,-1,swiss,,
17,begin,begin,began,swiss,1,1
18,begin,begin,began,swiss,1,1
19,begin,,-1,swiss,,
20,begin,,-1,swiss,,
21,begin,,-1,swiss,,
22,begin,,-1,swiss,,
23,begin,,-1,swiss,,
24,begin,began,-1,swiss,1,
25,begin,,-1,swiss,,
26,begin,began,,swiss,1,
27,begin,,-1,swiss,,
28,begin,include,,swiss,0,
29,begin,,-1,swiss,,
30,begin,,-1,swiss,,
31,begin,origin,-1,swiss,2,
32,begin,started,-1,swiss,2,
33,begin,began,begin,swiss,1,1
34,begin,,-1,swiss,,
35,begin,,supported,swiss,,0
37,begin,got,won,swiss,0,0
38,begin,,,swiss,,
39,begin,,-1,swiss,,
40,begin,help,-1,swiss,0,
41,begin,imposed,detained,aachen,0,0
42,begin,,,aachen,,
43,begin,began,,aachen,1,
44,begin,start,,aachen,2,
45,begin,begin,began,aachen,1,1
46,begin,,,aachen,,
47,begin,,,aachen,,
48,begin,claim,,aachen,0,
50,begin,,,aachen,,
51,begin,have,begin,aachen,0,1
52,begin,like,are,aachen,0,0
53,begin,,,aachen,,
54,begin,were,to start,aachen,0,2
55,begin,,,aachen,,
56,begin,,,aachen,,
57,begin,,,aachen,,
36,begin,-1,,swiss,,
49,begin,-1,,aachen,,
1,century,century,-1,swiss,1,
2,century,century,-1,swiss,1,
3,century,century,-1,swiss,1,
4,century,century,-1,swiss,1,
9,century,Century,-1,swiss,1,
11,century,century,-1,swiss,1,
14,century,century,-1,swiss,1,
15,century,century,-1,swiss,1,
20,century,century,-1,swiss,1,
22,century,century,-1,swiss,1,
32,century,century,-1,swiss,1,
37,century,century,century,swiss,1,1
39,century,century,-1,swiss,1,
41,century,January,January,aachen,0,0
49,century,century,century,aachen,1,1
50,century,century,century,aachen,1,1
54,century,century,century,aachen,1,1
56,century,century,century,aachen,1,1
57,century,centry,century,aachen,1,1
17,century,-1,century,swiss,,1
26,century,-1,century,swiss,,1
1,child,children,-1,swiss,1,
2,child,children,-1,swiss,1,
3,child,children,-1,swiss,1,
4,child,children,-1,swiss,1,
9,child,childreen,-1,swiss,1,
11,child,children,-1,swiss,1,
14,child,children,-1,swiss,1,
15,child,child,-1,swiss,1,
20,child,kids,-1,swiss,2,
22,child,children,-1,swiss,1,
25,child,children,-1,swiss,1,
32,child,child,-1,swiss,1,
37,child,children,children,swiss,1,1
39,child,children,-1,swiss,1,
41,child,children,children,aachen,1,1
49,child,children,children,aachen,1,1
50,child,children,children,aachen,1,1
54,child,people,people,aachen,0,0
56,child,children,children,aachen,1,1
57,child,childs,childrens,aachen,1,1
17,child,-1,students,swiss,,0
26,child,-1,children,swiss,,1
0,colony,colony,-1,swiss,1,
5,colony,,-1,swiss,,
6,colony,trade,-1,swiss,0,
10,colony,colony,-1,swiss,1,
12,colony,lands,-1,swiss,0,
17,colony,colonies,-1,swiss,1,
19,colony,community,-1,swiss,0,
23,colony,colony,-1,swiss,1,
26,colony,Empire,-1,swiss,0,
28,colony,colony,colony,swiss,1,1
29,colony,colony,-1,swiss,1,
34,colony,colonies,-1,swiss,1,
38,colony,colony,-1,swiss,1,
40,colony,colony,-1,swiss,1,
43,colony,colony,colonies,aachen,1,1
44,colony,,,aachen,,
51,colony,colonies,colonization,aachen,1,1
52,colony,province,community,aachen,2,0
53,colony,colony,colony,aachen,1,1
0,come,came,-1,swiss,1,
1,come,,-1,swiss,,
2,come,rose,-1,swiss,0,
3,come,came,-1,swiss,1,
4,come,came,-1,swiss,1,
5,come,got,-1,swiss,0,
6,come,,-1,swiss,,
9,come,...,-1,swiss,,
10,come,came,-1,swiss,1,
11,come,came,-1,swiss,1,
12,come,came,-1,swiss,1,
14,come,claim,-1,swiss,0,
15,come,,-1,swiss,,
17,come,came,,swiss,1,
19,come,,-1,swiss,,
20,come,,-1,swiss,,
22,come,came,-1,swiss,1,
23,come,came,-1,swiss,1,
25,come,came,-1,swiss,1,
26,come,,came,swiss,,1
28,come,arrive,,swiss,2,
29,come,climb,-1,swiss,0,
32,come,,-1,swiss,,
34,come,rose,-1,swiss,0,
37,come,came,rose,swiss,1,0
38,come,,-1,swiss,,
39,come,came,-1,swiss,1,
40,come,came,-1,swiss,1,
41,come,tried,tried,aachen,0,0
43,come,came,came,aachen,1,1
44,come,,,aachen,,
49,come,came,,aachen,1,
50,come,came,came,aachen,1,1
51,come,,upcoming,aachen,,0
52,come,worked,turn,aachen,0,0
53,come,came,,aachen,1,
54,come,assended,decided,aachen,0,0
56,come,,,aachen,,
57,come,,,aachen,,
7,derive,johdetaan,comes,swiss,,2
8,derive,derived,-1,swiss,1,
13,derive,,-1,swiss,,
16,derive,originated,-1,swiss,2,
18,derive,derived,,swiss,1,
21,derive,derived,-1,swiss,1,
24,derive,derived,-1,swiss,1,
27,derive,derive,-1,swiss,1,
30,derive,,-1,swiss,,
31,derive,derived,-1,swiss,1,
33,derive,derived,derived,swiss,1,1
35,derive,coming,derived,swiss,2,1
36,derive,derived,program,swiss,1,0
42,derive,,,aachen,,
45,derive,,comes,aachen,,2
46,derive,derived,derived,aachen,1,1
47,derive,origin,region,aachen,2,0
48,derive,derivated,derived,aachen,1,1
55,derive,,,aachen,,
5,derive,-1,derived,swiss,,1
4,derive,-1,,swiss,,
38,derive,-1,approximately,swiss,,0
0,east,east,-1,swiss,1,
5,east,East,East,swiss,1,1
6,east,east,-1,swiss,1,
7,east,ltä,east,swiss,,1
8,east,East,-1,swiss,1,
10,east,east,-1,swiss,1,
12,east,east,-1,swiss,1,
13,east,new,-1,swiss,0,
16,east,,-1,swiss,,
17,east,East,-1,swiss,1,
18,east,East,east,swiss,1,1
19,east,east,-1,swiss,1,
21,east,East,-1,swiss,1,
23,east,east,-1,swiss,1,
27,east,east,-1,swiss,1,
28,east,east,east,swiss,1,1
29,east,East,-1,swiss,1,
30,east,east,-1,swiss,1,
31,east,,-1,swiss,,
33,east,east,east,swiss,1,1
34,east,east,-1,swiss,1,
35,east,east,east,swiss,1,1
36,east,east,east,swiss,1,1
38,east,east,east,swiss,1,1
40,east,eastern,-1,swiss,1,
42,east,,east,aachen,,1
43,east,East,East,aachen,1,1
44,east,east,east,aachen,1,1
45,east,east,east,aachen,1,1
46,east,old,Small,aachen,0,0
47,east,east,east,aachen,1,1
48,east,east,east,aachen,1,1
51,east,East,East,aachen,1,1
52,east,,capital,aachen,,0
53,east,,,aachen,,
55,east,east,east,aachen,1,1
4,east,-1,east,swiss,,1
1,education,calculus,-1,swiss,0,
2,education,education,-1,swiss,1,
3,education,school,-1,swiss,0,
4,education,,school,swiss,,0
5,education,school,education,swiss,0,1
6,education,education,-1,swiss,1,
7,education,koutulus,school,swiss,,0
9,education,school,-1,swiss,0,
10,education,school,-1,swiss,0,
11,education,education,-1,swiss,1,
12,education,school,-1,swiss,0,
13,education,education,-1,swiss,1,
14,education,education,-1,swiss,1,
15,education,school,-1,swiss,0,
16,education,school,-1,swiss,0,
17,education,education,education,swiss,1,1
18,education,education,education,swiss,1,1
19,education,education,-1,swiss,1,
20,education,school,-1,swiss,0,
21,education,education/ school,-1,swiss,1,
22,education,,-1,swiss,,
23,education,education,-1,swiss,1,
24,education,,-1,swiss,,
25,education,school,-1,swiss,0,
26,education,education,education,swiss,1,1
27,education,education,-1,swiss,1,
28,education,study,study,swiss,2,2
29,education,education,-1,swiss,1,
30,education,,-1,swiss,,
31,education,school,-1,swiss,0,
32,education,school,-1,swiss,0,
33,education,education,education,swiss,1,1
34,education,koulutus,-1,swiss,,
35,education,education,school,swiss,1,0
36,education,education,education,swiss,1,1
38,education,school,school,swiss,0,0
39,education,mathematics,-1,swiss,0,
40,education,school,-1,swiss,0,
41,education,education,school,aachen,1,0
42,education,school,school,aachen,0,0
43,education,education,education,aachen,1,1
44,education,,school,aachen,,0
45,education,institutions,education,aachen,0,1
46,education,education,education,aachen,1,1
47,education,schools,education,aachen,0,1
48,education,education,education,aachen,1,1
50,education,,,aachen,,
51,education,university,year,aachen,0,0
52,education,school,school,aachen,0,0
53,education,schools,school,aachen,0,0
54,education,school,schools,aachen,0,0
55,education,,,aachen,,
56,education,class,school,aachen,0,0
57,education,,schools,aachen,,0
37,education,-1,school,swiss,,0
49,education,-1,school,aachen,,0
0,estimate,estimated,-1,swiss,1,
1,estimate,estimated,-1,swiss,1,
2,estimate,estimated,-1,swiss,1,
3,estimate,approximate,-1,swiss,2,
4,estimate,approximate,average,swiss,2,0
5,estimate,approximate,approximate,swiss,2,2
6,estimate,era,-1,swiss,0,
7,estimate,arvio,,swiss,,
8,estimate,estimated,-1,swiss,1,
9,estimate,amount,-1,swiss,0,
10,estimate,estimated,-1,swiss,1,
11,estimate,approximately,-1,swiss,2,
12,estimate,approximate,-1,swiss,2,
13,estimate,,-1,swiss,,
14,estimate,total,-1,swiss,0,
15,estimate,approximate,-1,swiss,2,
16,estimate,,-1,swiss,,
17,estimate,estimated,estimated,swiss,1,1
18,estimate,,,swiss,,
19,estimate,estimate,-1,swiss,1,
20,estimate,approximate,-1,swiss,2,
21,estimate,,-1,swiss,,
22,estimate,,-1,swiss,,
23,estimate,estimated,-1,swiss,1,
24,estimate,square,-1,swiss,0,
25,estimate,estimated,-1,swiss,1,
26,estimate,estimated,estimated,swiss,1,1
27,estimate,estimate,-1,swiss,1,
28,estimate,approximate,estimated,swiss,2,1
29,estimate,estimate,-1,swiss,1,
30,estimate,,-1,swiss,,
31,estimate,approximately,-1,swiss,2,
32,estimate,average,-1,swiss,0,
33,estimate,estimated,approximate,swiss,1,2
34,estimate,approximate,-1,swiss,2,
35,estimate,estimate,approximate,swiss,1,2
36,estimate,large,base,swiss,0,0
37,estimate,official,average,swiss,0,0
38,estimate,estimates,estimated,swiss,1,1
39,estimate,estimation,-1,swiss,1,
40,estimate,estimated,-1,swiss,1,
41,estimate,big,,aachen,0,
42,estimate,square,estimated,aachen,0,1
43,estimate,estimated,estimate,aachen,1,1
44,estimate,estimate,,aachen,1,
45,estimate,,,aachen,,
46,estimate,approximate,approximate,aachen,2,2
47,estimate,approx,estimated,aachen,2,1
48,estimate,,approximate,aachen,,2
49,estimate,,,aachen,,
50,estimate,,,aachen,,
51,estimate,approximately,estimative,aachen,2,1
52,estimate,approximately,approximately,aachen,2,2
53,estimate,approximately,aproximate,aachen,2,2
54,estimate,large,estimate,aachen,0,1
55,estimate,,,aachen,,
56,estimate,,,aachen,,
57,estimate,capital,unite,aachen,0,0
0,federal,federal,-1,swiss,1,
1,federal,magazine,-1,swiss,0,
2,federal,,-1,swiss,,
3,federal,litterature,-1,swiss,0,
4,federal,,,swiss,,
5,federal,association,,swiss,0,
6,federal,,-1,swiss,,
7,federal,liitovaltion,,swiss,,
8,federal,federal,-1,swiss,1,
9,federal,...,-1,swiss,,
10,federal,,-1,swiss,,
12,federal,federal,-1,swiss,1,
13,federal,federal,-1,swiss,1,
14,federal,,-1,swiss,,
15,federal,,-1,swiss,,
16,federal,National,-1,swiss,2,
17,federal,Federal,federal,swiss,1,1
19,federal,federal,-1,swiss,1,
20,federal,,-1,swiss,,
21,federal,Federal,-1,swiss,1,
22,federal,,-1,swiss,,
23,federal,federal,-1,swiss,1,
24,federal,federal,-1,swiss,1,
25,federal,federal,-1,swiss,1,
26,federal,Federal,Federal,swiss,1,1
27,federal,,-1,swiss,,
28,federal,Federal,,swiss,1,
29,federal,federal,-1,swiss,1,
30,federal,,-1,swiss,,
31,federal,,-1,swiss,,
33,federal,federal,,swiss,1,
34,federal,federal,-1,swiss,1,
35,federal,Federal,federal,swiss,1,1
36,federal,city,federal,swiss,0,1
37,federal,,,swiss,,
38,federal,federal,federal,swiss,1,1
39,federal,,-1,swiss,,
40,federal,federal,-1,swiss,1,
41,federal,National,national,aachen,2,2
42,federal,private,National,aachen,0,2
43,federal,,,aachen,,
44,federal,department,,aachen,0,
45,federal,,,aachen,,
46,federal,Reports,United,aachen,0,0
47,federal,official,,aachen,0,
48,federal,,,aachen,,
50,federal,federal,federal,aachen,1,1
51,federal,,federal,aachen,,1
52,federal,state,national,aachen,0,2
53,federal,general,state,aachen,0,0
54,federal,,federal,aachen,,1
55,federal,,,aachen,,
56,federal,,,aachen,,
57,federal,,,aachen,,
18,federal,-1,,swiss,,
49,federal,-1,,aachen,,
0,figure,figure,-1,swiss,1,
1,figure,figure,-1,swiss,1,
2,figure,figure,-1,swiss,1,
3,figure,period,-1,swiss,0,
4,figure,,,swiss,,
5,figure,city,figure,swiss,0,1
6,figure,valley,-1,swiss,0,
7,figure,kuva,figure,swiss,,1
8,figure,figure,-1,swiss,1,
9,figure,figure,-1,swiss,1,
10,figure,era,-1,swiss,0,
11,figure,figure,-1,swiss,1,
12,figure,figure,-1,swiss,1,
13,figure,,-1,swiss,,
14,figure,era,-1,swiss,0,
15,figure,city,-1,swiss,0,
16,figure,repport,-1,swiss,0,
17,figure,figure,,swiss,1,
18,figure,figure,figure,swiss,1,1
19,figure,era,-1,swiss,0,
20,figure,,-1,swiss,,
21,figure,,-1,swiss,,
22,figure,,-1,swiss,,
23,figure,era,-1,swiss,0,
24,figure,,-1,swiss,,
25,figure,figure,-1,swiss,1,
26,figure,,figure,swiss,,1
27,figure,fact,-1,swiss,0,
28,figure,position,era,swiss,0,0
29,figure,figure,-1,swiss,1,
30,figure,,-1,swiss,,
31,figure,figure,-1,swiss,1,
32,figure,,-1,swiss,,
33,figure,figure,figure,swiss,1,1
34,figure,topic,-1,swiss,0,
35,figure,,event,swiss,,0
36,figure,figure,,swiss,1,
37,figure,figure,topic,swiss,1,0
38,figure,,,swiss,,
39,figure,,-1,swiss,,
40,figure,figure,-1,swiss,1,
41,figure,shape,shape,aachen,2,2
42,figure,,,aachen,,
43,figure,,figure,aachen,,1
44,figure,history,figure,aachen,0,1
45,figure,,figure,aachen,,1
46,figure,figure,topic,aachen,1,0
47,figure,figure,figure,aachen,1,1
48,figure,,,aachen,,
50,figure,,,aachen,,
51,figure,war,about,aachen,0,0
52,figure,era,period,aachen,0,0
53,figure,city,,aachen,0,
54,figure,event,event,aachen,0,0
55,figure,figure,,aachen,1,
56,figure,,,aachen,,
57,figure,,,aachen,,
49,figure,-1,action,aachen,,0
0,film,movie,-1,swiss,2,
5,film,,area,swiss,,0
6,film,,-1,swiss,,
7,film,elokuva,,swiss,,
8,film,film,-1,swiss,1,
10,film,,-1,swiss,,
12,film,,-1,swiss,,
13,film,book,-1,swiss,0,
16,film,book,-1,swiss,0,
17,film,film,-1,swiss,1,
18,film,film,film,swiss,1,1
19,film,,-1,swiss,,
21,film,,-1,swiss,,
23,film,work,-1,swiss,0,
24,film,film,-1,swiss,1,
26,film,film,-1,swiss,1,
27,film,,-1,swiss,,
28,film,,,swiss,,
29,film,,-1,swiss,,
30,film,,-1,swiss,,
31,film,,-1,swiss,,
33,film,reality,book,swiss,0,0
34,film,,-1,swiss,,
35,film,,book,swiss,,0
36,film,film,film,swiss,1,1
38,film,,,swiss,,
40,film,country,-1,swiss,0,
42,film,,,aachen,,
43,film,film,film,aachen,1,1
44,film,movie,,aachen,2,
45,film,,,aachen,,
46,film,book,story,aachen,0,0
47,film,,,aachen,,
48,film,world,film,aachen,0,1
51,film,,film,aachen,,1
52,film,,,aachen,,
53,film,,,aachen,,
55,film,,,aachen,,
4,film,-1,,swiss,,
1,home,home,-1,swiss,1,
2,home,home,-1,swiss,1,
3,home,place,-1,swiss,0,
4,home,,home,swiss,,1
8,home,home,-1,swiss,1,
9,home,house,-1,swiss,0,
11,home,?,-1,swiss,,
13,home,house,-1,swiss,0,
14,home,home,-1,swiss,1,
15,home,home,-1,swiss,1,
16,home,home,-1,swiss,1,
18,home,,,swiss,,
20,home,home,-1,swiss,1,
21,home,home,-1,swiss,1,
22,home,house,-1,swiss,0,
24,home,,-1,swiss,,
25,home,home,-1,swiss,1,
27,home,home,-1,swiss,1,
30,home,house,-1,swiss,0,
31,home,,-1,swiss,,
32,home,mariage,-1,swiss,0,
36,home,home,home,swiss,1,1
37,home,place,house,swiss,0,0
39,home,home,-1,swiss,1,
41,home,house,house,aachen,0,0
42,home,house,house,aachen,0,0
45,home,,,aachen,,
46,home,home,home,aachen,1,1
47,home,home,,aachen,1,
48,home,home,home,aachen,1,1
49,home,house,house,aachen,0,0
50,home,home,home,aachen,1,1
54,home,,home,aachen,,1
55,home,,,aachen,,
56,home,house,house,aachen,0,0
57,home,,,aachen,,
5,home,-1,,swiss,,
17,home,-1,house,swiss,,0
7,home,-1,home,swiss,,1
26,home,-1,home,swiss,,1
33,home,-1,,swiss,,
35,home,-1,house,swiss,,0
38,home,-1,house,swiss,,0
0,human,human,-1,swiss,1,
1,human,people,-1,swiss,2,
2,human,human,-1,swiss,1,
3,human,common,-1,swiss,0,
4,human,recognized,-1,swiss,0,
6,human,,-1,swiss,,
9,human,science,-1,swiss,0,
10,human,,-1,swiss,,
11,human,?,-1,swiss,,
12,human,human,-1,swiss,1,
14,human,human,-1,swiss,1,
15,human,human,-1,swiss,1,
17,human,human,human,swiss,1,1
19,human,common,-1,swiss,0,
20,human,important,-1,swiss,0,
22,human,,-1,swiss,,
23,human,human,-1,swiss,1,
25,human,,-1,swiss,,
26,human,human,human,swiss,1,1
28,human,human,human,swiss,1,1
29,human,,-1,swiss,,
32,human,human,-1,swiss,1,
34,human,ihmisen,-1,swiss,,
37,human,known,known,swiss,0,0
38,human,,-1,swiss,,
39,human,,-1,swiss,,
40,human,mental,-1,swiss,0,
41,human,,long,aachen,,0
43,human,human,human,aachen,1,1
44,human,human,human,aachen,1,1
49,human,human,human,aachen,1,1
50,human,human,human,aachen,1,1
51,human,,.,aachen,,
52,human,practiced,educational,aachen,0,0
53,human,human,human,aachen,1,1
54,human,useful,human,aachen,0,1
56,human,important,,aachen,0,
57,human,,,aachen,,
0,information,information,-1,swiss,1,
1,information,information,-1,swiss,1,
2,information,instructions,-1,swiss,0,
3,information,history,-1,swiss,0,
4,information,,information,swiss,,1
5,information,home,,swiss,0,
6,information,information,-1,swiss,1,
7,information,huoneesta,information,swiss,,1
8,information,information,-1,swiss,1,
9,information,complexity,-1,swiss,0,
10,information,information,-1,swiss,1,
11,information,?,-1,swiss,,
12,information,information,-1,swiss,1,
13,information,,-1,swiss,,
14,information,,-1,swiss,,
15,information,information,-1,swiss,1,
16,information,data,-1,swiss,2,
17,information,information,information,swiss,1,1
18,information,information,information,swiss,1,1
19,information,information,-1,swiss,1,
20,information,information,-1,swiss,1,
21,information,,-1,swiss,,
22,information,,-1,swiss,,
23,information,information,-1,swiss,1,
24,information,information,-1,swiss,1,
25,information,,-1,swiss,,
26,information,information,information,swiss,1,1
27,information,information,-1,swiss,1,
28,information,information,,swiss,1,
30,information,,-1,swiss,,
31,information,program,-1,swiss,0,
32,information,informations,-1,swiss,1,
33,information,memory,information,swiss,0,1
34,information,information,-1,swiss,1,
35,information,,instructions,swiss,,0
36,information,order,information,swiss,0,1
37,information,information,information,swiss,1,1
38,information,information,information,swiss,1,1
39,information,,-1,swiss,,
40,information,programs,-1,swiss,0,
41,information,data,,aachen,2,
42,information,,data,aachen,,2
43,information,information,,aachen,1,
44,information,,,aachen,,
45,information,,,aachen,,
46,information,information,information,aachen,1,1
47,information,,data,aachen,,2
48,information,information,information,aachen,1,1
49,information,,,aachen,,
50,information,,,aachen,,
51,information,,.,aachen,,
52,information,data,data,aachen,2,2
53,information,practice,,aachen,0,
54,information,results,scores,aachen,0,0
55,information,,,aachen,,
56,information,,,aachen,,
57,information,,,aachen,,
0,institution,institutions,-1,swiss,1,
1,institution,,-1,swiss,,
2,institution,,-1,swiss,,
3,institution,figure,-1,swiss,0,
4,institution,,-1,swiss,,
5,institution,eras,-1,swiss,0,
9,institution,actions,-1,swiss,0,
10,institution,,-1,swiss,,
11,institution,production,-1,swiss,0,
12,institution,structures,-1,swiss,0,
14,institution,,-1,swiss,,
15,institution,dk,-1,swiss,,
17,institution,state,,swiss,0,
19,institution,,-1,swiss,,
20,institution,,-1,swiss,,
22,institution,,-1,swiss,,
23,institution,,-1,swiss,,
25,institution,institutions,-1,swiss,1,
26,institution,,,swiss,,
28,institution,institution,institution,swiss,1,1
29,institution,institutes,-1,swiss,1,
32,institution,aids,-1,swiss,0,
37,institution,holdings,,swiss,0,
39,institution,,-1,swiss,,
40,institution,institutions,-1,swiss,1,
41,institution,resources,,aachen,0,
43,institution,institutions,institutions,aachen,1,1
44,institution,,institution,aachen,,1
50,institution,,,aachen,,
51,institution,federal,states,aachen,0,0
52,institution,institutions,institutions,aachen,1,1
53,institution,offices,,aachen,0,
54,institution,companies,company,aachen,0,0
56,institution,,,aachen,,
57,institution,,improvment,aachen,,0
49,institution,-1,,aachen,,
0,island,don't know,-1,swiss,,
1,island,island,-1,swiss,1,
2,island,island,-1,swiss,1,
3,island,eastern,-1,swiss,0,
4,island,island,island,swiss,1,1
5,island,island,colony,swiss,1,0
6,island,,-1,swiss,,
7,island,saarella,island,swiss,,1
8,island,island,-1,swiss,1,
9,island,island,-1,swiss,1,
10,island,,-1,swiss,,
11,island,island,-1,swiss,1,
12,island,island,-1,swiss,1,
13,island,island,-1,swiss,1,
14,island,,-1,swiss,,
15,island,island,-1,swiss,1,
16,island,island,-1,swiss,1,
17,island,island,island,swiss,1,1
18,island,island,island,swiss,1,1
19,island,island,-1,swiss,1,
20,island,island,-1,swiss,1,
21,island,island,-1,swiss,1,
23,island,island,-1,swiss,1,
24,island,island,-1,swiss,1,
25,island,island,-1,swiss,1,
26,island,island,island,swiss,1,1
27,island,island,-1,swiss,1,
28,island,island,island,swiss,1,1
29,island,island,-1,swiss,1,
30,island,island,-1,swiss,1,
31,island,island,-1,swiss,1,
32,island,,-1,swiss,,
33,island,island,island,swiss,1,1
34,island,saarella,-1,swiss,,
35,island,island,island,swiss,1,1
36,island,island,island,swiss,1,1
37,island,island,island,swiss,1,1
38,island,,,swiss,,
40,island,island,-1,swiss,1,
41,island,island,island,aachen,1,1
42,island,island,island,aachen,1,1
43,island,island,island,aachen,1,1
44,island,,,aachen,,
45,island,island,island,aachen,1,1
46,island,island,island,aachen,1,1
47,island,island,island,aachen,1,1
48,island,island,island,aachen,1,1
50,island,island,island,aachen,1,1
51,island,Island,island,aachen,1,1
52,island,island,invation,aachen,1,0
53,island,island,island,aachen,1,1
54,island,important city,town,aachen,0,0
55,island,island,island,aachen,1,1
56,island,,,aachen,,
57,island,,,aachen,,
49,island,-1,island,aachen,,1
0,king,kings,-1,swiss,1,
5,king,kings,kings,swiss,1,1
6,king,king,-1,swiss,1,
7,king,kuningas,king,swiss,,1
8,king,king,-1,swiss,1,
10,king,king,-1,swiss,1,
12,king,king,-1,swiss,1,
13,king,,-1,swiss,,
16,king,the poplation,-1,swiss,0,
17,king,king,-1,swiss,1,
18,king,king,king,swiss,1,1
19,king,king,-1,swiss,1,
21,king,king,-1,swiss,1,
23,king,King,-1,swiss,1,
24,king,king,-1,swiss,1,
26,king,king,-1,swiss,1,
27,king,king,-1,swiss,1,
28,king,king,king,swiss,1,1
29,king,king,-1,swiss,1,
31,king,king,-1,swiss,1,
33,king,king,king,swiss,1,1
34,king,kings,-1,swiss,1,
35,king,king,king,swiss,1,1
36,king,king,king,swiss,1,1
38,king,muslims,,swiss,0,
40,king,king,-1,swiss,1,
42,king,king,king,aachen,1,1
43,king,king,,aachen,1,
44,king,,,aachen,,
45,king,king,king,aachen,1,1
46,king,,,aachen,,
47,king,king,king,aachen,1,1
48,king,king,king,aachen,1,1
51,king,king,King,aachen,1,1
52,king,,group,aachen,,0
53,king,King,king,aachen,1,1
55,king,,king,aachen,,1
4,king,-1,King,swiss,,1
1,majority,community,-1,swiss,0,
2,majority,majority,-1,swiss,1,
3,majority,world,-1,swiss,0,
4,majority,majority,majority,swiss,1,1
7,majority,suurin osa,,swiss,,
8,majority,majority,-1,swiss,1,
9,majority,people,-1,swiss,0,
11,majority,?,-1,swiss,,
13,majority,population,-1,swiss,0,
14,majority,,-1,swiss,,
16,majority,majority,-1,swiss,1,
18,majority,,,swiss,,
20,majority,,-1,swiss,,
21,majority,,-1,swiss,,
22,majority,majority,-1,swiss,1,
24,majority,majority,-1,swiss,1,
25,majority,majority,-1,swiss,1,
27,majority,majority,-1,swiss,1,
30,majority,,-1,swiss,,
31,majority,,-1,swiss,,
32,majority,majority,-1,swiss,1,
33,majority,majority,majority,swiss,1,1
35,majority,general,majority,swiss,0,1
36,majority,majority,majority,swiss,1,1
37,majority,order,order,swiss,0,0
39,majority,,-1,swiss,,
41,majority,,general,aachen,,0
42,majority,,people,aachen,,0
45,majority,,,aachen,,
46,majority,leaders,leaders,aachen,0,0
47,majority,,,aachen,,
48,majority,,,aachen,,
49,majority,,saints,aachen,,0
50,majority,,,aachen,,
54,majority,arrive,bulk,aachen,0,0
55,majority,majority,majority,aachen,1,1
56,majority,,,aachen,,
57,majority,,,aachen,,
5,majority,-1,majority,swiss,,1
17,majority,-1,majority,swiss,,1
26,majority,-1,majority,swiss,,1
38,majority,-1,native,swiss,,0
0,mark,mark,-1,swiss,1,
5,mark,marcus,-1,swiss,1,
6,mark,,-1,swiss,,
10,mark,,-1,swiss,,
12,mark,,-1,swiss,,
17,mark,marked,-1,swiss,1,
19,mark,,-1,swiss,,
23,mark,mark,-1,swiss,1,
26,mark,Marked,-1,swiss,1,
28,mark,mark,mark,swiss,1,1
29,mark,mark,-1,swiss,1,
34,mark,merkitse,-1,swiss,,
38,mark,mark,-1,swiss,1,
40,mark,Saint,-1,swiss,0,
43,mark,,Saint,aachen,,0
44,mark,major,Mark,aachen,0,1
51,mark,céu,mark,aachen,0,1
52,mark,king,Lord,aachen,0,0
53,mark,mark,mark,aachen,1,1
0,material,don't know,-1,swiss,,
5,material,area,-1,swiss,0,
6,material,community,-1,swiss,0,
10,material,,-1,swiss,,
12,material,ash,-1,swiss,0,
17,material,era,-1,swiss,0,
23,material,Islands,-1,swiss,0,
26,material,,-1,swiss,,
28,material,mountains,,swiss,0,
29,material,activity,-1,swiss,0,
34,material,aineistoa,-1,swiss,,
38,material,,-1,swiss,,
40,material,material,-1,swiss,1,
43,material,activity,activity,aachen,0,0
44,material,,,aachen,,
51,material,Ainestoa,.,aachen,,
52,material,mountains,mountains,aachen,0,0
53,material,activity,activity,aachen,0,0
1,native,native,-1,swiss,1,
2,native,native,-1,swiss,1,
3,native,local,-1,swiss,2,
4,native,native,-1,swiss,1,
9,native,own,-1,swiss,0,
11,native,native,-1,swiss,1,
14,native,native,-1,swiss,1,
15,native,native,-1,swiss,1,
20,native,tongue,-1,swiss,0,
22,native,native,-1,swiss,1,
25,native,native,-1,swiss,1,
32,native,native,-1,swiss,1,
37,native,native,native,swiss,1,1
39,native,native,-1,swiss,1,
41,native,native,native,aachen,1,1
50,native,native,native,aachen,1,1
54,native,second,own,aachen,0,0
56,native,native,native,aachen,1,1
57,native,order,scientific,aachen,0,0
17,native,-1,native,swiss,,1
26,native,-1,native,swiss,,1
49,native,-1,native,aachen,,1
0,navy,navy,-1,swiss,1,
1,navy,navy,-1,swiss,1,
3,navy,Navy,-1,swiss,1,
4,navy,Navy,navy,swiss,1,1
5,navy,Office,Navy,swiss,0,1
6,navy,federal,-1,swiss,0,
7,navy,laivasto,Navy,swiss,,1
8,navy,Navy,-1,swiss,1,
9,navy,Country,-1,swiss,0,
10,navy,,-1,swiss,,
11,navy,?,-1,swiss,,
12,navy,,-1,swiss,,
13,navy,,-1,swiss,,
14,navy,navy,-1,swiss,1,
15,navy,navy,-1,swiss,1,
16,navy,,-1,swiss,,
17,navy,Navy,Navy,swiss,1,1
18,navy,navy,Navy,swiss,1,1
19,navy,navy,-1,swiss,1,
20,navy,navy,-1,swiss,1,
21,navy,Navy,-1,swiss,1,
22,navy,,-1,swiss,,
23,navy,navy,-1,swiss,1,
24,navy,navy,-1,swiss,1,
25,navy,navy,-1,swiss,1,
26,navy,Navy,navy,swiss,1,1
27,navy,navy,-1,swiss,1,
28,navy,navy,navy,swiss,1,1
29,navy,Navy,-1,swiss,1,
30,navy,,-1,swiss,,
31,navy,navy,-1,swiss,1,
32,navy,,-1,swiss,,
33,navy,,,swiss,,
34,navy,laivasto,-1,swiss,,
35,navy,Navy,navy,swiss,1,1
36,navy,navy,Navy,swiss,1,1
37,navy,Navy,Navy,swiss,1,1
38,navy,,navy,swiss,,1
39,navy,navy,-1,swiss,1,
40,navy,office,-1,swiss,0,
41,navy,Navy,Navy,aachen,1,1
42,navy,,,aachen,,
43,navy,Navy,Navy,aachen,1,1
44,navy,,nation,aachen,,0
45,navy,,navy,aachen,,1
46,navy,Navy,Navy,aachen,1,1
47,navy,,Navy,aachen,,1
48,navy,navy,navy,aachen,1,1
49,navy,Navy,Navy,aachen,1,1
50,navy,Navy,navy,aachen,1,1
51,navy,Navy,Navy,aachen,1,1
52,navy,defence,defence,aachen,0,0
53,navy,navy,Navy,aachen,1,1
54,navy,,shipping,aachen,,0
55,navy,,,aachen,,
56,navy,navy,,aachen,1,
57,navy,,nation,aachen,,0
0,october,October,-1,swiss,1,
5,october,october,January,swiss,1,0
6,october,November,-1,swiss,0,
7,october,lokakku,november,swiss,,0
8,october,may,-1,swiss,0,
10,october,,-1,swiss,,
12,october,march,-1,swiss,0,
13,october,October,-1,swiss,1,
16,october,october,-1,swiss,1,
17,october,october,-1,swiss,1,
18,october,october,october,swiss,1,1
19,october,january,-1,swiss,0,
21,october,Oktober,-1,swiss,1,
23,october,november,-1,swiss,0,
24,october,january,-1,swiss,0,
26,october,October,-1,swiss,1,
27,october,october,-1,swiss,1,
28,october,November,october,swiss,0,1
29,october,october,-1,swiss,1,
30,october,january,-1,swiss,0,
31,october,october,-1,swiss,1,
33,october,october,october,swiss,1,1
34,october,october,-1,swiss,1,
35,october,october,,swiss,1,
36,october,october,october,swiss,1,1
38,october,january,January,swiss,0,0
40,october,january,-1,swiss,0,
42,october,October,October,aachen,1,1
43,october,october,,aachen,1,
44,october,January,January,aachen,0,0
45,october,october,october,aachen,1,1
46,october,,January,aachen,,0
47,october,October,october,aachen,1,1
48,october,november,january,aachen,0,0
51,october,october,October,aachen,1,1
52,october,october,september,aachen,1,0
53,october,January,January,aachen,0,0
55,october,october,,aachen,1,
4,october,-1,,swiss,,
0,office,office,-1,swiss,1,
5,office,,-1,swiss,,
6,office,,-1,swiss,,
10,office,office,-1,swiss,1,
12,office,power,-1,swiss,0,
17,office,power,-1,swiss,0,
19,office,,-1,swiss,,
23,office,office,-1,swiss,1,
26,office,office,-1,swiss,1,
28,office,,,swiss,,
29,office,power,-1,swiss,1,
34,office,toimisto,-1,swiss,,
38,office,,-1,swiss,,
40,office,office,-1,swiss,1,
43,office,authority,information,aachen,0,0
44,office,,,aachen,,
51,office,,city,aachen,,0
52,office,counsil,,aachen,0,
53,office,office,,aachen,1,
0,order,order,-1,swiss,1,
1,order,native,-1,swiss,0,
2,order,order,-1,swiss,1,
4,order,order,order,swiss,1,1
5,order,,,swiss,,
6,order,order,-1,swiss,1,
7,order,järjestystksessä,,swiss,,
8,order,order,-1,swiss,1,
9,order,order,-1,swiss,1,
10,order,,-1,swiss,,
11,order,?,-1,swiss,,
12,order,,-1,swiss,,
13,order,,-1,swiss,,
14,order,order,-1,swiss,1,
15,order,order,-1,swiss,1,
16,order,order,-1,swiss,1,
17,order,order,,swiss,1,
18,order,order,order,swiss,1,1
19,order,order,-1,swiss,1,
20,order,,-1,swiss,,
21,order,,-1,swiss,,
22,order,,-1,swiss,,
23,order,,-1,swiss,,
24,order,order,-1,swiss,1,
25,order,,-1,swiss,,
26,order,order,order,swiss,1,1
27,order,order,-1,swiss,1,
28,order,order,order,swiss,1,1
29,order,,-1,swiss,,
30,order,,-1,swiss,,
31,order,,-1,swiss,,
32,order,order,-1,swiss,1,
33,order,order,order,swiss,1,1
34,order,order,-1,swiss,1,
35,order,,,swiss,,
36,order,order,order,swiss,1,1
37,order,governance,governance,swiss,0,0
38,order,party,,swiss,0,
39,order,,-1,swiss,,
40,order,history,-1,swiss,0,
41,order,their reigns,,aachen,0,
42,order,,,aachen,,
43,order,order,order,aachen,1,1
44,order,,,aachen,,
45,order,order,order,aachen,1,1
46,order,,politics,aachen,,0
47,order,,,aachen,,
48,order,order,order,aachen,1,1
49,order,order,,aachen,1,
50,order,,,aachen,,
51,order,order,city,aachen,1,0
52,order,,civilization,aachen,,0
53,order,,general,aachen,,0
54,order,,,aachen,,
55,order,,,aachen,,
56,order,,,aachen,,
57,order,order,practice,aachen,1,0
0,origin,don't know,-1,swiss,,
1,origin,,-1,swiss,,
2,origin,,-1,swiss,,
3,origin,time,-1,swiss,0,
4,origin,origin,,swiss,1,
5,origin,,mention,swiss,,0
6,origin,born,-1,swiss,0,
7,origin,alkuperä,,swiss,,
8,origin,origin,,swiss,1,
9,origin,origin,-1,swiss,1,
10,origin,,-1,swiss,,
11,origin,origin,-1,swiss,1,
13,origin,history,-1,swiss,0,
15,origin,,-1,swiss,,
16,origin,,-1,swiss,,
17,origin,beginnings,beginnings,swiss,2,2
18,origin,origin,origin,swiss,1,1
19,origin,,-1,swiss,,
20,origin,,-1,swiss,,
21,origin,,-1,swiss,,
22,origin,,-1,swiss,,
24,origin,,-1,swiss,,
25,origin,,-1,swiss,,
26,origin,origin,origin,swiss,1,1
27,origin,origin,-1,swiss,1,
28,origin,,begin,swiss,,2
29,origin,origin,-1,swiss,1,
30,origin,,-1,swiss,,
31,origin,origin,-1,swiss,1,
32,origin,,-1,swiss,,
33,origin,origin,origin,swiss,1,1
34,origin,,-1,swiss,,
35,origin,,,swiss,,
36,origin,origin,origin,swiss,1,1
37,origin,beginning,beginning,swiss,2,2
38,origin,,,swiss,,
39,origin,,-1,swiss,,
40,origin,history,-1,swiss,0,
41,origin,,base,aachen,,0
42,origin,origin,origin,aachen,1,1
43,origin,,,aachen,,
44,origin,era,original,aachen,0,1
45,origin,,,aachen,,
46,origin,origin,origins,aachen,1,1
47,origin,,,aachen,,
48,origin,,origin,aachen,,1
49,origin,,,aachen,,
50,origin,,,aachen,,
51,origin,,-.,aachen,,
52,origin,origin,origin,aachen,1,1
53,origin,,,aachen,,
54,origin,,,aachen,,
55,origin,,,aachen,,
56,origin,,,aachen,,
57,origin,,,aachen,,
7,party,osapuoli,people,swiss,,0
8,party,party,-1,swiss,1,
13,party,,-1,swiss,,
16,party,,-1,swiss,,
18,party,party,,swiss,1,
21,party,,-1,swiss,,
24,party,,-1,swiss,,
27,party,,-1,swiss,,
30,party,,-1,swiss,,
31,party,programs,-1,swiss,0,
33,party,party,parties,swiss,1,1
35,party,people,,swiss,0,
36,party,party,parties,swiss,1,1
42,party,people,pesons,aachen,0,0
45,party,,,aachen,,
46,party,parties,people,aachen,1,0
47,party,locations,,aachen,0,
48,party,,,aachen,,
55,party,,,aachen,,
5,party,-1,,swiss,,
4,party,-1,,swiss,,
38,party,-1,people,swiss,,0
7,private,yksityiset,,swiss,,
8,private,community,-1,swiss,0,
13,private,,-1,swiss,,
18,private,private,private,swiss,1,1
21,private,private,-1,swiss,1,
24,private,,-1,swiss,,
27,private,private,-1,swiss,1,
30,private,principal,-1,swiss,0,
31,private,private,-1,swiss,1,
33,private,private,private,swiss,1,1
35,private,private,main,swiss,1,0
36,private,private,private,swiss,1,1
42,private,,home,aachen,,0
45,private,privet,,aachen,1,
46,private,private,private,aachen,1,1
47,private,home,home,aachen,0,0
48,private,private,private,aachen,1,1
55,private,,,aachen,,
5,private,-1,,swiss,,
4,private,-1,,swiss,,
38,private,-1,base,swiss,,0
0,province,province,-1,swiss,1,
1,province,province,-1,swiss,1,
2,province,region,-1,swiss,2,
3,province,capital,-1,swiss,0,
4,province,colony,province,swiss,0,1
5,province,coast,,swiss,0,
6,province,marked,-1,swiss,0,
7,province,maakunta,commune,swiss,,0
8,province,city,-1,swiss,0,
9,province,area,-1,swiss,2,
10,province,city,-1,swiss,0,
11,province,?,-1,swiss,,
12,province,village,-1,swiss,0,
13,province,,-1,swiss,,
14,province,,-1,swiss,,
15,province,,-1,swiss,,
16,province,province,-1,swiss,1,
18,province,province,municipality,swiss,1,2
19,province,city,-1,swiss,0,
20,province,province,-1,swiss,1,
21,province,province,-1,swiss,1,
22,province,,-1,swiss,,
23,province,province,-1,swiss,1,
24,province,,-1,swiss,0,
25,province,province,-1,swiss,1,
26,province,province,province,swiss,1,1
27,province,province,-1,swiss,1,
28,province,province,province,swiss,1,1
29,province,province,-1,swiss,1,
30,province,,-1,swiss,,
31,province,province,-1,swiss,1,
32,province,municipality,-1,swiss,2,
33,province,province,province,swiss,1,1
34,province,province,-1,swiss,1,
35,province,,city,swiss,,0
36,province,municipality,province,swiss,2,1
37,province,province,province,swiss,1,1
38,province,colony,colony,swiss,2,2
39,province,municipality,-1,swiss,2,
40,province,province,-1,swiss,1,
41,province,region,region,aachen,2,2
42,province,island,,aachen,0,
43,province,,capital,aachen,,0
44,province,province,state,aachen,1,0
45,province,,,aachen,,
46,province,province,province,aachen,1,1
47,province,king,leader,aachen,0,0
48,province,valley,,aachen,0,
49,province,province,town,aachen,1,0
50,province,,,aachen,,
51,province,,navy,aachen,,0
52,province,leader,region,aachen,0,2
53,province,city,city,aachen,0,0
54,province,city,city,aachen,0,0
55,province,,region,aachen,,2
56,province,region,city,aachen,2,0
57,province,,city,aachen,,0
17,province,-1,province,swiss,,1
1,real,,-1,swiss,,
2,real,,-1,swiss,,
3,real,people,-1,swiss,0,
4,real,reals,-1,swiss,1,
9,real,actions,-1,swiss,0,
11,real,production,-1,swiss,0,
14,real,,-1,swiss,,
15,real,dont kwnow,-1,swiss,,
20,real,,-1,swiss,,
22,real,,-1,swiss,,
25,real,,-1,swiss,,
32,real,rice,-1,swiss,0,
37,real,dollars,dollars,swiss,0,0
39,real,,-1,swiss,,
41,real,,people,aachen,,0
49,real,,,aachen,,
50,real,,,aachen,,
54,real,,actual,aachen,,2
56,real,,,aachen,,
57,real,,,aachen,,
17,real,-1,,swiss,,
26,real,-1,real,swiss,,1
0,recognize,studied,-1,swiss,0,
1,recognize,recognized,-1,swiss,1,
2,recognize,studied,-1,swiss,0,
3,recognize,done,-1,swiss,0,
4,recognize,recognized,,swiss,1,
5,recognize,addressed,recognized,swiss,0,1
6,recognize,,-1,swiss,,
7,recognize,tunnista,recognized,swiss,,1
8,recognize,,-1,swiss,,
9,recognize,recognized,-1,swiss,1,
10,recognize,,-1,swiss,,
11,recognize,recognized,-1,swiss,1,
12,recognize,considered,-1,swiss,0,
13,recognize,,-1,swiss,,
14,recognize,recognized,-1,swiss,1,
15,recognize,,-1,swiss,,
16,recognize,taught,-1,swiss,0,
17,recognize,studied,studied,swiss,0,0
18,recognize,recognized,acknowledged,swiss,1,0
19,recognize,,-1,swiss,,
20,recognize,taught,-1,swiss,0,
21,recognize,,-1,swiss,,
22,recognize,,-1,swiss,,
23,recognize,studied,-1,swiss,0,
24,recognize,recognize,-1,swiss,1,
25,recognize,recognized,-1,swiss,1,
26,recognize,recognized,recognized,swiss,1,1
27,recognize,consider,-1,swiss,0,
28,recognize,,,swiss,,
29,recognize,reported,-1,swiss,0,
30,recognize,recognize,-1,swiss,1,
31,recognize,taught,-1,swiss,0,
32,recognize,learned,-1,swiss,0,
33,recognize,described,described,swiss,0,0
34,recognize,tunnista,-1,swiss,,
35,recognize,studied,,swiss,0,
36,recognize,reported,recorded,swiss,0,0
37,recognize,practised,accepted,swiss,0,0
38,recognize,,,swiss,,
39,recognize,,-1,swiss,,
40,recognize,studied,-1,swiss,0,
41,recognize,professed,professed,aachen,0,0
42,recognize,,run,aachen,,0
43,recognize,,,aachen,,
44,recognize,,,aachen,,
45,recognize,recognise,recognise,aachen,1,1
46,recognize,described,defined,aachen,0,0
47,recognize,,,aachen,,
48,recognize,,,aachen,,
49,recognize,taught,,aachen,0,
50,recognize,recognised,,aachen,1,
51,recognize,,separated,aachen,,0
52,recognize,known,invented,aachen,2,0
53,recognize,,,aachen,,
54,recognize,suggested,studied,aachen,0,0
55,recognize,,,aachen,,
56,recognize,,,aachen,,
57,recognize,,generated,aachen,,0
0,river,river,-1,swiss,1,
1,river,river,-1,swiss,1,
2,river,River,-1,swiss,1,
3,river,east,-1,swiss,0,
4,river,River,River,swiss,1,1
5,river,river,lake,swiss,1,0
6,river,river,-1,swiss,1,
7,river,joen,river,swiss,,1
8,river,river,-1,swiss,1,
9,river,river,-1,swiss,1,
11,river,river,-1,swiss,1,
12,river,river,-1,swiss,1,
13,river,lake,-1,swiss,0,
14,river,,-1,swiss,,
15,river,river,-1,swiss,1,
16,river,river,-1,swiss,1,
17,river,river,river,swiss,1,1
18,river,river,River,swiss,1,1
19,river,river,-1,swiss,1,
21,river,River,-1,swiss,1,
22,river,river,-1,swiss,1,
23,river,river,-1,swiss,1,
24,river,river,-1,swiss,1,
25,river,,-1,swiss,,
26,river,river,river,swiss,1,1
27,river,river,-1,swiss,1,
29,river,river,-1,swiss,1,
30,river,,-1,swiss,,
31,river,river,-1,swiss,1,
32,river,big,-1,swiss,0,
33,river,river,river,swiss,1,1
34,river,river,-1,swiss,1,
35,river,river,river,swiss,1,1
36,river,river,river,swiss,1,1
37,river,Lake,River,swiss,0,1
38,river,river,river,swiss,1,1
39,river,river,-1,swiss,1,
40,river,river,-1,swiss,1,
41,river,river,river,aachen,1,1
42,river,,Lake,aachen,,0
43,river,River,River,aachen,1,1
44,river,state,state,aachen,0,0
45,river,,state,aachen,,0
46,river,river,lake,aachen,1,0
47,river,River,river,aachen,1,1
48,river,river,river,aachen,1,1
49,river,river,Lake,aachen,1,0
50,river,,,aachen,,
51,river,,Mountain,aachen,,0
52,river,saint,river,aachen,0,1
53,river,river,water,aachen,1,0
54,river,,,aachen,,
55,river,,,aachen,,
56,river,lake,ocean,aachen,0,0
57,river,,,aachen,,
28,river,-1,river,swiss,,1
0,saint,saint,-1,swiss,1,
5,saint,Saint,-1,swiss,1,
6,saint,saint,-1,swiss,1,
10,saint,saint,-1,swiss,1,
12,saint,,-1,swiss,,
17,saint,Saint,-1,swiss,1,
19,saint,saint,-1,swiss,1,
23,saint,Saint,-1,swiss,1,
26,saint,Saint,-1,swiss,1,
28,saint,Saint,saint,swiss,1,1
29,saint,Saint,-1,swiss,1,
34,saint,Saint,-1,swiss,1,
38,saint,saint,-1,swiss,1,
43,saint,Saint,Saint,aachen,1,1
44,saint,,,aachen,,
51,saint,,saint,aachen,,1
52,saint,saint,holy,aachen,1,0
53,saint,caint,saint,aachen,1,1
0,states,States,-1,swiss,1,
1,states,states,-1,swiss,1,
2,states,States,-1,swiss,1,
3,states,nations,-1,swiss,2,
4,states,States,-1,swiss,1,
5,states,states,-1,swiss,1,
6,states,states,-1,swiss,1,
9,states,kingdom,-1,swiss,0,
10,states,states,-1,swiss,1,
11,states,?,-1,swiss,,
12,states,States,-1,swiss,1,
14,states,state,-1,swiss,1,
15,states,,-1,swiss,,
17,states,States,states,swiss,1,1
19,states,states,-1,swiss,1,
20,states,,-1,swiss,,
22,states,,-1,swiss,,
23,states,States,-1,swiss,1,
25,states,states,-1,swiss,1,
26,states,States,States,swiss,1,1
28,states,states,states,swiss,1,1
29,states,States,-1,swiss,1,
32,states,states,-1,swiss,1,
34,states,states,-1,swiss,1,
37,states,States,States,swiss,1,1
38,states,,-1,swiss,,
39,states,states,-1,swiss,1,
40,states,states,-1,swiss,1,
41,states,States,States,aachen,1,1
43,states,States,States,aachen,1,1
44,states,states,states,aachen,1,1
50,states,States,States,aachen,1,1
51,states,,States,aachen,,1
52,states,nations,nations,aachen,2,2
53,states,states,states,aachen,1,1
54,states,States,States,aachen,1,1
56,states,States,nations,aachen,1,2
57,states,,state,aachen,,1
49,states,-1,States,aachen,,1
0,title,title,-1,swiss,1,
1,title,name,-1,swiss,0,
2,title,name,-1,swiss,0,
3,title,name,-1,swiss,0,
4,title,title,title,swiss,1,1
5,title,name,name,swiss,0,0
6,title,,-1,swiss,,
7,title,otsikko,title,swiss,,1
8,title,title,-1,swiss,1,
9,title,name,-1,swiss,0,
10,title,title,-1,swiss,1,
11,title,?,-1,swiss,,
12,title,leader,-1,swiss,0,
13,title,tittle,-1,swiss,1,
14,title,word,-1,swiss,0,
15,title,language,-1,swiss,0,
16,title,,-1,swiss,,
17,title,name,name,swiss,0,0
18,title,title,title,swiss,1,1
19,title,title,-1,swiss,1,
20,title,ruler,-1,swiss,0,
21,title,title,-1,swiss,1,
22,title,,-1,swiss,,
23,title,name,-1,swiss,0,
24,title,,-1,swiss,,
25,title,name,-1,swiss,,
26,title,,title,swiss,,1
27,title,community,-1,swiss,0,
28,title,name,name,swiss,0,0
29,title,,-1,swiss,,
30,title,,-1,swiss,,
32,title,history,-1,swiss,0,
33,title,title,title,swiss,1,1
34,title,ostikko,-1,swiss,,
35,title,title,name,swiss,1,0
36,title,title,title,swiss,1,1
37,title,name,name,swiss,0,0
38,title,title,king,swiss,1,0
39,title,,-1,swiss,,
40,title,figure,-1,swiss,0,
41,title,name,,aachen,0,
42,title,title,title,aachen,1,1
43,title,name,ruler,aachen,0,0
44,title,name,name,aachen,0,0
45,title,,,aachen,,
46,title,title,title,aachen,1,1
47,title,,name,aachen,,0
48,title,title,title,aachen,1,1
49,title,name,title,aachen,0,1
50,title,,,aachen,,
51,title,command,name,aachen,0,0
52,title,name,name,aachen,0,0
53,title,King,name,aachen,0,0
54,title,,dottrin,aachen,,0
55,title,title,,aachen,1,
56,title,,name,aachen,,0
57,title,,article,aachen,,0
2,valley,,-1,swiss,,
3,valley,banks,-1,swiss,0,
7,valley,laaksossa,valley,swiss,,1
8,valley,valley,-1,swiss,1,
9,valley,river,-1,swiss,0,
11,valley,?,-1,swiss,,
13,valley,,-1,swiss,,
14,valley,,-1,swiss,,
15,valley,valey,-1,swiss,1,
16,valley,valley,-1,swiss,1,
18,valley,valley,valley,swiss,1,1
20,valley,,-1,swiss,,
21,valley,,-1,swiss,,
22,valley,valley,-1,swiss,1,
24,valley,valley,-1,swiss,1,
25,valley,valley,-1,swiss,1,
27,valley,valley,-1,swiss,1,
30,valley,,-1,swiss,0,
31,valley,valley,-1,swiss,1,
32,valley,valey,-1,swiss,1,
33,valley,valley,valley,swiss,1,1
35,valley,,valley,swiss,,1
36,valley,valley,valley,swiss,1,1
37,valley,Valley,Valley,swiss,1,1
39,valley,,-1,swiss,,
41,valley,Valley,valley,aachen,1,1
42,valley,,,aachen,,
45,valley,,island,aachen,,0
46,valley,lake,Valley,aachen,0,1
47,valley,Valley,valley,aachen,1,1
48,valley,coast,valley,aachen,0,1
49,valley,Valley,Valley,aachen,1,1
50,valley,,,aachen,,
54,valley,,,aachen,,
55,valley,,,aachen,,
56,valley,town,,aachen,0,
57,valley,,,aachen,,
5,valley,-1,valley,swiss,,1
17,valley,-1,valley,swiss,,1
26,valley,-1,valley,swiss,,1
4,valley,-1,Valley,swiss,,1
38,valley,-1,,swiss,,
0,version,version,-1,swiss,1,
1,version,version,-1,swiss,1,
2,version,book,-1,swiss,0,
3,version,figure,-1,swiss,0,
4,version,version,,swiss,1,
5,version,text,paper,swiss,0,0
6,version,,-1,swiss,,
7,version,käänos,,swiss,,
8,version,copy,-1,swiss,2,
10,version,,-1,swiss,,
11,version,version,-1,swiss,1,
12,version,canvas,-1,swiss,0,
13,version,,-1,swiss,,
14,version,paper,-1,swiss,0,
15,version,,-1,swiss,,
16,version,,-1,swiss,,
17,version,material,material,swiss,0,0
18,version,version,version,swiss,1,1
19,version,information,-1,swiss,0,
20,version,,-1,swiss,,
21,version,,-1,swiss,,
22,version,,-1,swiss,,
23,version,Material,-1,swiss,0,
24,version,version,-1,swiss,1,
25,version,,-1,swiss,,
26,version,,,swiss,,
27,version,,-1,swiss,,
28,version,version,material,swiss,1,0
29,version,material,-1,swiss,0,
30,version,kaanos,-1,swiss,,
31,version,,-1,swiss,,
32,version,paper,-1,swiss,0,
33,version,knowledge,knowledge,swiss,0,0
34,version,kaannos,-1,swiss,,
35,version,,text,swiss,,0
36,version,command,version,swiss,0,1
37,version,version,version,swiss,1,1
38,version,material,paper,swiss,0,0
39,version,,-1,swiss,,
40,version,material,-1,swiss,0,
41,version,files,page,aachen,0,0
42,version,,,aachen,,
43,version,version,,aachen,1,
44,version,,,aachen,,
45,version,,version,aachen,,1
46,version,canvas,canvas,aachen,0,0
47,version,,word,aachen,,0
48,version,document,document,aachen,0,0
49,version,version,version,aachen,1,1
50,version,,,aachen,,
51,version,picture,.,aachen,0,
52,version,sheet,device,aachen,0,0
53,version,material,books,aachen,0,0
54,version,paper,copies,aachen,0,0
55,version,,,aachen,,
56,version,,,aachen,,
57,version,,article,aachen,,0
1,work,,-1,swiss,,
2,work,work,-1,swiss,1,
3,work,era,-1,swiss,0,
4,work,work,-1,swiss,1,
9,work,work,-1,swiss,1,
11,work,word,-1,swiss,1,
14,work,work,-1,swiss,1,
15,work,title,-1,swiss,0,
20,work,,-1,swiss,,
22,work,work,-1,swiss,1,
25,work,work,-1,swiss,1,
32,work,try,-1,swiss,0,
37,work,age,people,swiss,0,0
39,work,,-1,swiss,,
41,work,person,,aachen,0,
49,work,,,aachen,,
50,work,,work,aachen,,1
54,work,mathematician,employment,aachen,0,2
56,work,,,aachen,,
57,work,,,aachen,,
17,work,-1,,swiss,,
26,work,-1,,swiss,,
7,writer,kirjajlija,writter,swiss,,1
8,writer,figure,-1,swiss,0,
13,writer,writers,-1,swiss,1,
16,writer,,-1,swiss,,
18,writer,writers,,swiss,1,
21,writer,figure,-1,swiss,0,
24,writer,,-1,swiss,,
27,writer,writer,-1,swiss,1,
30,writer,,-1,swiss,,
31,writer,writers,-1,swiss,1,
33,writer,writer,writer,swiss,1,1
35,writer,writer,,swiss,1,
36,writer,writer,writer,swiss,1,1
42,writer,,person,aachen,,0
45,writer,author,author,aachen,2,2
46,writer,writers,writers,aachen,1,1
47,writer,figures,era,aachen,0,0
48,writer,writer,writer,aachen,1,1
55,writer,,,aachen,,
5,writer,-1,,swiss,,
4,writer,-1,,swiss,,
38,writer,-1,city,swiss,,0