email,lemma,given_learning,given_followup,location
0,saint,saint,-1,swiss
0,origin,don't know,-1,swiss
0,version,version,-1,swiss
0,federal,federal,-1,swiss
0,title,title,-1,swiss
0,october,October,-1,swiss
0,come,came,-1,swiss
0,island,don't know,-1,swiss
0,begin,begin,-1,swiss
0,river,river,-1,swiss
0,east,east,-1,swiss
0,states,States,-1,swiss
0,human,human,-1,swiss
0,mark,mark,-1,swiss
0,colony,colony,-1,swiss
0,institution,institutions,-1,swiss
0,film,movie,-1,swiss
0,information,information,-1,swiss
0,province,province,-1,swiss
0,navy,navy,-1,swiss
0,figure,figure,-1,swiss
0,estimate,estimated,-1,swiss
0,order,order,-1,swiss
0,king,kings,-1,swiss
0,material,don't know,-1,swiss
0,recognize,studied,-1,swiss
0,office,office,-1,swiss
1,federal,magazine,-1,swiss
1,century,century,-1,swiss
1,island,island,-1,swiss
1,native,native,-1,swiss
1,navy,navy,-1,swiss
1,origin,,-1,swiss
1,bear,,-1,swiss
1,river,river,-1,swiss
1,institution,,-1,swiss
1,education,calculus,-1,swiss
1,figure,figure,-1,swiss
1,version,version,-1,swiss
1,home,home,-1,swiss
1,child,children,-1,swiss
1,estimate,estimated,-1,swiss
1,majority,community,-1,swiss
1,real,,-1,swiss
1,human,people,-1,swiss
1,work,,-1,swiss
1,recognize,recognized,-1,swiss
1,order,native,-1,swiss
1,title,name,-1,swiss
1,come,,-1,swiss
1,information,information,-1,swiss
1,states,states,-1,swiss
1,province,province,-1,swiss
1,begin,begun,-1,swiss
2,information,instructions,-1,swiss
2,federal,,-1,swiss
2,order,order,-1,swiss
2,states,States,-1,swiss
2,home,home,-1,swiss
2,estimate,estimated,-1,swiss
2,version,book,-1,swiss
2,origin,,-1,swiss
2,recognize,studied,-1,swiss
2,education,education,-1,swiss
2,title,name,-1,swiss
2,native,native,-1,swiss
2,province,region,-1,swiss
2,real,,-1,swiss
2,child,children,-1,swiss
2,work,work,-1,swiss
2,island,island,-1,swiss
2,valley,,-1,swiss
2,come,rose,-1,swiss
2,bear,,-1,swiss
2,figure,figure,-1,swiss
2,human,human,-1,swiss
2,river,River,-1,swiss
2,majority,majority,-1,swiss
2,institution,,-1,swiss
2,century,century,-1,swiss
2,begin,,-1,swiss
3,begin,abolished,-1,swiss
3,work,era,-1,swiss
3,bear,bear,-1,swiss
3,figure,period,-1,swiss
3,origin,time,-1,swiss
3,come,came,-1,swiss
3,river,east,-1,swiss
3,majority,world,-1,swiss
3,province,capital,-1,swiss
3,institution,figure,-1,swiss
3,title,name ,-1,swiss
3,information,history,-1,swiss
3,century,century,-1,swiss
3,native,local,-1,swiss
3,child,children,-1,swiss
3,human,common,-1,swiss
3,home,place,-1,swiss
3,states,nations,-1,swiss
3,estimate,approximate,-1,swiss
3,real,people,-1,swiss
3,island,eastern,-1,swiss
3,recognize,done,-1,swiss
3,version,figure,-1,swiss
3,federal,litterature,-1,swiss
3,valley,banks,-1,swiss
3,education,school,-1,swiss
3,navy,Navy,-1,swiss
4,century,century,-1,swiss
4,version,version,,swiss
4,navy,Navy,navy,swiss
4,island,island,island,swiss
4,work,work,-1,swiss
4,information,,information,swiss
4,figure,,,swiss
4,home,,home,swiss
4,estimate,approximate,average,swiss
4,education,,school,swiss
4,begin,began,,swiss
4,recognize,recognized,,swiss
4,majority,majority,majority,swiss
4,federal,,,swiss
4,real,reals,-1,swiss
4,states,States,-1,swiss
4,come,came,-1,swiss
4,institution,,-1,swiss
4,river,River,River,swiss
4,native,native,-1,swiss
4,order,order,order,swiss
4,title,title,title,swiss
4,province,colony,province,swiss
4,origin,origin,,swiss
4,bear,son,,swiss
4,child,children,-1,swiss
4,human,recognized,-1,swiss
5,figure,city,figure,swiss
5,origin,,mention,swiss
5,october,october,January,swiss
5,river,river,lake,swiss
5,estimate,approximate,approximate,swiss
5,come,got,-1,swiss
5,states,states,-1,swiss
5,office,,-1,swiss
5,colony,,-1,swiss
5,recognize,addressed,recognized,swiss
5,begin,were,consist ,swiss
5,federal,association ,,swiss
5,title,name,name,swiss
5,island,island,colony ,swiss
5,east,East,East,swiss
5,order,,,swiss
5,version,text,paper,swiss
5,material,area,-1,swiss
5,education,school,education,swiss
5,film,,area,swiss
5,mark,marcus,-1,swiss
5,navy,Office,Navy,swiss
5,king,kings,kings,swiss
5,institution,eras,-1,swiss
5,saint,Saint,-1,swiss
5,information,home,,swiss
5,province,coast,,swiss
6,begin,,-1,swiss
6,federal,,-1,swiss
6,mark,,-1,swiss
6,education,education,-1,swiss
6,information,information,-1,swiss
6,origin,born,-1,swiss
6,title,,-1,swiss
6,october,November,-1,swiss
6,human,,-1,swiss
6,come,,-1,swiss
6,version,,-1,swiss
6,recognize,,-1,swiss
6,material,community,-1,swiss
6,colony,trade,-1,swiss
6,states,states,-1,swiss
6,figure,valley,-1,swiss
6,river,river,-1,swiss
6,navy,federal,-1,swiss
6,film,,-1,swiss
6,king,king,-1,swiss
6,office,,-1,swiss
6,saint,saint,-1,swiss
6,province,marked,-1,swiss
6,estimate,era,-1,swiss
6,island,,-1,swiss
6,east,east,-1,swiss
6,order,order,-1,swiss
7,october,lokakku,november,swiss
7,recognize,tunnista,recognized,swiss
7,order,järjestystksessä,,swiss
7,navy,laivasto,Navy,swiss
7,information,huoneesta,information,swiss
7,title,otsikko,title,swiss
7,figure,kuva,figure,swiss
7,origin,alkuperä,,swiss
7,action,toiminta,,swiss
7,begin,alkaa,,swiss
7,private,yksityiset,,swiss
7,east,ltä,east,swiss
7,king,kuningas,king,swiss
7,film,elokuva,,swiss
7,province,maakunta,commune,swiss
7,bear,karhu,born,swiss
7,majority,suurin osa,,swiss
7,federal,liitovaltion,,swiss
7,writer,kirjajlija,writter,swiss
7,valley,laaksossa,valley,swiss
7,river,joen,river,swiss
7,island,saarella,island,swiss
7,derive,johdetaan,comes,swiss
7,estimate,arvio,,swiss
7,version,käänos,,swiss
7,education,koutulus,school,swiss
7,party,osapuoli,people,swiss
8,island,island,-1,swiss
8,east,East,-1,swiss
8,title,title,-1,swiss
8,bear,,-1,swiss
8,king,king,-1,swiss
8,province,city,-1,swiss
8,begin,,-1,swiss
8,order,order,-1,swiss
8,party,party,-1,swiss
8,majority,majority,-1,swiss
8,origin,origin,,swiss
8,home,home,-1,swiss
8,version,copy,-1,swiss
8,information,information,-1,swiss
8,writer,figure,-1,swiss
8,federal,federal,-1,swiss
8,private,community,-1,swiss
8,valley,valley,-1,swiss
8,navy,Navy,-1,swiss
8,october,may,-1,swiss
8,river,river,-1,swiss
8,estimate,estimated,-1,swiss
8,derive,derived,-1,swiss
8,action,action,-1,swiss
8,recognize,,-1,swiss
8,figure,figure,-1,swiss
8,film,film,-1,swiss
9,recognize,recognized,-1,swiss
9,work,work,-1,swiss
9,century,Century,-1,swiss
9,title,name,-1,swiss
9,information,complexity,-1,swiss
9,valley,river,-1,swiss
9,institution,actions,-1,swiss
9,navy,Country,-1,swiss
9,real,actions,-1,swiss
9,home,house,-1,swiss
9,order,order,-1,swiss
9,bear,nominated,-1,swiss
9,estimate,amount,-1,swiss
9,education,school,-1,swiss
9,begin,support,-1,swiss
9,island,island,-1,swiss
9,province,area,-1,swiss
9,origin,origin,-1,swiss
9,come,...,-1,swiss
9,human,science,-1,swiss
9,majority,people,-1,swiss
9,states,kingdom,-1,swiss
9,native,own,-1,swiss
9,federal,...,-1,swiss
9,child,childreen,-1,swiss
9,figure,figure,-1,swiss
9,river,river,-1,swiss
10,recognize,,-1,swiss
10,estimate,estimated,-1,swiss
10,begin,,-1,swiss
10,version,,-1,swiss
10,navy,,-1,swiss
10,education,school,-1,swiss
10,material,,-1,swiss
10,province,city,-1,swiss
10,come,came,-1,swiss
10,human,,-1,swiss
10,origin,,-1,swiss
10,title,title,-1,swiss
10,federal,,-1,swiss
10,king,king,-1,swiss
10,colony,colony,-1,swiss
10,film,,-1,swiss
10,mark,,-1,swiss
10,island,,-1,swiss
10,saint,saint,-1,swiss
10,institution,,-1,swiss
10,office,office,-1,swiss
10,east,east,-1,swiss
10,october,,-1,swiss
10,figure,era,-1,swiss
10,order,,-1,swiss
10,states,states,-1,swiss
10,information,information,-1,swiss
11,human,?,-1,swiss
11,navy,?,-1,swiss
11,figure,figure,-1,swiss
11,island,island,-1,swiss
11,states,?,-1,swiss
11,native,native,-1,swiss
11,home,?,-1,swiss
11,work,word,-1,swiss
11,century,century,-1,swiss
11,child,children,-1,swiss
11,version,version,-1,swiss
11,real,production,-1,swiss
11,majority,?,-1,swiss
11,bear,?,-1,swiss
11,education,education,-1,swiss
11,valley,?,-1,swiss
11,begin,begin,-1,swiss
11,river,river,-1,swiss
11,title,?,-1,swiss
11,estimate,approximately,-1,swiss
11,institution,production,-1,swiss
11,recognize,recognized,-1,swiss
11,information,?,-1,swiss
11,province,?,-1,swiss
11,come,came,-1,swiss
11,origin,origin,-1,swiss
11,order,?,-1,swiss
12,education,school,-1,swiss
12,navy,,-1,swiss
12,recognize,considered,-1,swiss
12,king,king,-1,swiss
12,human,human,-1,swiss
12,come,came,-1,swiss
12,river,river,-1,swiss
12,october,march,-1,swiss
12,saint,,-1,swiss
12,institution,structures,-1,swiss
12,colony,lands,-1,swiss
12,version,canvas,-1,swiss
12,title,leader,-1,swiss
12,states,States,-1,swiss
12,estimate,approximate,-1,swiss
12,province,village,-1,swiss
12,mark,,-1,swiss
12,material,ash,-1,swiss
12,order,,-1,swiss
12,island,island,-1,swiss
12,east,east,-1,swiss
12,office,power,-1,swiss
12,figure,figure,-1,swiss
12,federal,federal,-1,swiss
12,information,information,-1,swiss
12,film,,-1,swiss
12,begin,,-1,swiss
13,film,book,-1,swiss
13,order,,-1,swiss
13,title,tittle,-1,swiss
13,home,house,-1,swiss
13,october,October,-1,swiss
13,island,island,-1,swiss
13,writer,writers,-1,swiss
13,origin,history,-1,swiss
13,education,education,-1,swiss
13,information,,-1,swiss
13,navy,,-1,swiss
13,east,new,-1,swiss
13,king,,-1,swiss
13,private,,-1,swiss
13,action,,-1,swiss
13,federal,federal,-1,swiss
13,province,,-1,swiss
13,figure,,-1,swiss
13,party,,-1,swiss
13,version,,-1,swiss
13,valley,,-1,swiss
13,majority,population,-1,swiss
13,estimate,,-1,swiss
13,derive,,-1,swiss
13,begin,,-1,swiss
13,recognize,,-1,swiss
13,river,lake,-1,swiss
14,child,children,-1,swiss
14,island,,-1,swiss
14,figure,era,-1,swiss
14,home,home,-1,swiss
14,bear,,-1,swiss
14,human,human,-1,swiss
14,federal,,-1,swiss
14,begin,began,-1,swiss
14,order,order,-1,swiss
14,navy,navy,-1,swiss
14,century,century,-1,swiss
14,province,,-1,swiss
14,work,work,-1,swiss
14,institution,,-1,swiss
14,valley,,-1,swiss
14,title,word,-1,swiss
14,states,state,-1,swiss
14,real,,-1,swiss
14,recognize,recognized,-1,swiss
14,education,education,-1,swiss
14,majority,,-1,swiss
14,version,paper,-1,swiss
14,native,native,-1,swiss
14,information,,-1,swiss
14,river,,-1,swiss
14,come,claim,-1,swiss
14,estimate,total,-1,swiss
15,order,order,-1,swiss
15,real,dont kwnow,-1,swiss
15,begin,began,-1,swiss
15,river,river,-1,swiss
15,estimate,approximate,-1,swiss
15,native,native,-1,swiss
15,institution,dk ,-1,swiss
15,island,island ,-1,swiss
15,federal,,-1,swiss
15,century,century,-1,swiss
15,version,,-1,swiss
15,come,,-1,swiss
15,figure,city,-1,swiss
15,education,school,-1,swiss
15,child,child,-1,swiss
15,title,language,-1,swiss
15,recognize,,-1,swiss
15,home,home,-1,swiss
15,work,title,-1,swiss
15,bear,,-1,swiss
15,human,human,-1,swiss
15,origin,,-1,swiss
15,valley,valey,-1,swiss
15,navy,navy,-1,swiss
15,province,,-1,swiss
15,information,information,-1,swiss
15,states,,-1,swiss
16,federal,National,-1,swiss
16,river,river,-1,swiss
16,bear,,-1,swiss
16,derive,originated,-1,swiss
16,origin,,-1,swiss
16,island,island,-1,swiss
16,order,order,-1,swiss
16,valley,valley,-1,swiss
16,recognize,taught,-1,swiss
16,begin,,-1,swiss
16,film,book,-1,swiss
16,king,the poplation,-1,swiss
16,east,,-1,swiss
16,education,school,-1,swiss
16,province,province,-1,swiss
16,figure,repport,-1,swiss
16,october,october,-1,swiss
16,writer,,-1,swiss
16,party,,-1,swiss
16,information,data,-1,swiss
16,action,institution,-1,swiss
16,estimate,,-1,swiss
16,majority,majority,-1,swiss
16,version,,-1,swiss
16,navy,,-1,swiss
16,title,,-1,swiss
16,home,home,-1,swiss
17,material,era,-1,swiss
17,begin,begin,began,swiss
17,education,education,education,swiss
17,recognize,studied,studied,swiss
17,information,information,information,swiss
17,mark,marked,-1,swiss
17,saint,Saint,-1,swiss
17,origin,beginnings,beginnings,swiss
17,october,october,-1,swiss
17,figure,figure,,swiss
17,version,material,material,swiss
17,film,film,-1,swiss
17,east,East,-1,swiss
17,navy,Navy,Navy,swiss
17,island,island,island,swiss
17,order,order,,swiss
17,states,States,states,swiss
17,colony,colonies,-1,swiss
17,federal,Federal,federal,swiss
17,come,came,,swiss
17,estimate,estimated,estimated,swiss
17,king,king,-1,swiss
17,institution,state,,swiss
17,title,name,name,swiss
17,office,power,-1,swiss
17,river,river,river,swiss
17,human,human,human,swiss
18,island,island,island,swiss
18,information,information,information,swiss
18,origin,origin,origin,swiss
18,version,version,version,swiss
18,king,king,king,swiss
18,estimate,,,swiss
18,derive,derived,,swiss
18,east,East,east,swiss
18,begin,begin,began,swiss
18,home,,,swiss
18,recognize,recognized,acknowledged,swiss
18,writer,writers,,swiss
18,figure,figure,figure,swiss
18,october,october,october,swiss
18,action,,action,swiss
18,province,province,municipality,swiss
18,order,order,order,swiss
18,title,title,title,swiss
18,private,private,private,swiss
18,bear,,,swiss
18,valley,valley,valley,swiss
18,education,education,education,swiss
18,river,river,River,swiss
18,majority,,,swiss
18,navy,navy,Navy,swiss
18,party,party,,swiss
18,film,film,film,swiss
19,begin,,-1,swiss
19,human,common,-1,swiss
19,estimate,estimate,-1,swiss
19,states,states,-1,swiss
19,order,order,-1,swiss
19,colony,community,-1,swiss
19,province,city,-1,swiss
19,education,education,-1,swiss
19,river,river,-1,swiss
19,title,title,-1,swiss
19,come,,-1,swiss
19,island,island,-1,swiss
19,version,information,-1,swiss
19,mark,,-1,swiss
19,federal,federal,-1,swiss
19,east,east,-1,swiss
19,institution,,-1,swiss
19,office,,-1,swiss
19,figure,era,-1,swiss
19,october,january,-1,swiss
19,information,information,-1,swiss
19,king,king,-1,swiss
19,film,,-1,swiss
19,recognize,,-1,swiss
19,origin,,-1,swiss
19,navy,navy,-1,swiss
19,saint,saint,-1,swiss
20,province,province,-1,swiss
20,institution,,-1,swiss
20,navy,navy,-1,swiss
20,origin,,-1,swiss
20,home,home,-1,swiss
20,majority,,-1,swiss
20,begin,,-1,swiss
20,estimate,approximate,-1,swiss
20,come,,-1,swiss
20,bear,,-1,swiss
20,education,school,-1,swiss
20,version,,-1,swiss
20,federal,,-1,swiss
20,real,,-1,swiss
20,order,,-1,swiss
20,valley,,-1,swiss
20,states,,-1,swiss
20,century,century,-1,swiss
20,child,kids,-1,swiss
20,island,island,-1,swiss
20,information,information,-1,swiss
20,recognize,taught,-1,swiss
20,work,,-1,swiss
20,human,important,-1,swiss
20,title,ruler,-1,swiss
20,figure,,-1,swiss
20,native,tongue,-1,swiss
21,film,,-1,swiss
21,writer,figure,-1,swiss
21,figure,,-1,swiss
21,bear,king,-1,swiss
21,home,home,-1,swiss
21,begin,,-1,swiss
21,version,,-1,swiss
21,education,education/ school,-1,swiss
21,recognize,,-1,swiss
21,east,East,-1,swiss
21,title,title,-1,swiss
21,island,island,-1,swiss
21,federal,Federal,-1,swiss
21,derive,derived,-1,swiss
21,navy,Navy,-1,swiss
21,valley,,-1,swiss
21,party,,-1,swiss
21,majority,,-1,swiss
21,information,,-1,swiss
21,order,,-1,swiss
21,river,River,-1,swiss
21,private,private,-1,swiss
21,october,Oktober,-1,swiss
21,origin,,-1,swiss
21,province,province,-1,swiss
21,estimate,,-1,swiss
21,king,king,-1,swiss
22,education,,-1,swiss
22,origin,,-1,swiss
22,century,century,-1,swiss
22,figure,,-1,swiss
22,begin,,-1,swiss
22,order,,-1,swiss
22,title,,-1,swiss
22,bear,,-1,swiss
22,home,house,-1,swiss
22,come,came,-1,swiss
22,human,,-1,swiss
22,native,native,-1,swiss
22,version,,-1,swiss
22,province,,-1,swiss
22,estimate,,-1,swiss
22,federal,,-1,swiss
22,navy,,-1,swiss
22,institution,,-1,swiss
22,recognize,,-1,swiss
22,child,children,-1,swiss
22,river,river,-1,swiss
22,real,,-1,swiss
22,states,,-1,swiss
22,work,work,-1,swiss
22,valley,valley,-1,swiss
22,information,,-1,swiss
22,majority,majority,-1,swiss
23,states,States,-1,swiss
23,estimate,estimated,-1,swiss
23,education,education,-1,swiss
23,king,King,-1,swiss
23,version,Material,-1,swiss
23,material,Islands,-1,swiss
23,river,river,-1,swiss
23,figure,era,-1,swiss
23,institution,,-1,swiss
23,province,province,-1,swiss
23,office,office,-1,swiss
23,human,human,-1,swiss
23,order,,-1,swiss
23,recognize,studied,-1,swiss
23,east,east,-1,swiss
23,saint,Saint,-1,swiss
23,title,name,-1,swiss
23,october,november,-1,swiss
23,navy,navy,-1,swiss
23,film,work,-1,swiss
23,island,island,-1,swiss
23,federal,federal,-1,swiss
23,begin,,-1,swiss
23,mark,mark,-1,swiss
23,information,information,-1,swiss
23,come,came,-1,swiss
23,colony,colony,-1,swiss
24,valley,valley,-1,swiss
24,action,,-1,swiss
24,information,information,-1,swiss
24,bear,bear,-1,swiss
24,majority,majority,-1,swiss
24,derive,derived,-1,swiss
24,party,,-1,swiss
24,title,,-1,swiss
24,island,island,-1,swiss
24,begin,began,-1,swiss
24,province,,-1,swiss
24,private,,-1,swiss
24,version,version,-1,swiss
24,writer,,-1,swiss
24,navy,navy,-1,swiss
24,order,order,-1,swiss
24,estimate,square,-1,swiss
24,october,january,-1,swiss
24,home,,-1,swiss
24,recognize,recognize,-1,swiss
24,film,film,-1,swiss
24,king,king,-1,swiss
24,origin,,-1,swiss
24,federal,federal,-1,swiss
24,river,river,-1,swiss
24,figure,,-1,swiss
24,education,,-1,swiss
25,native,native,-1,swiss
25,title,name,-1,swiss
25,states,states,-1,swiss
25,version,,-1,swiss
25,recognize,recognized,-1,swiss
25,island,island,-1,swiss
25,order,,-1,swiss
25,institution,institutions,-1,swiss
25,work,work,-1,swiss
25,human,,-1,swiss
25,majority,majority,-1,swiss
25,river,,-1,swiss
25,province,province,-1,swiss
25,education,school,-1,swiss
25,origin,,-1,swiss
25,estimate,estimated,-1,swiss
25,federal,federal,-1,swiss
25,come,came,-1,swiss
25,information,,-1,swiss
25,valley,valley,-1,swiss
25,child,children,-1,swiss
25,home,home,-1,swiss
25,navy,navy,-1,swiss
25,figure,figure,-1,swiss
25,begin,,-1,swiss
25,real,,-1,swiss
25,bear,bear,-1,swiss
26,october,October,-1,swiss
26,colony,Empire,-1,swiss
26,figure,,figure,swiss
26,mark,Marked,-1,swiss
26,begin,began,,swiss
26,federal,Federal,Federal,swiss
26,province,province,province,swiss
26,navy,Navy,navy,swiss
26,film,film,-1,swiss
26,island,island,island,swiss
26,version,,,swiss
26,recognize,recognized,recognized,swiss
26,king,king,-1,swiss
26,title,,title,swiss
26,human,human,human,swiss
26,estimate,estimated,estimated,swiss
26,office,office,-1,swiss
26,institution,,,swiss
26,come,,came,swiss
26,education,education,education,swiss
26,material,,-1,swiss
26,river,river,river,swiss
26,saint,Saint,-1,swiss
26,states,States,States,swiss
26,origin,origin,origin,swiss
26,information,information,information,swiss
26,order,order,order,swiss
27,title,community,-1,swiss
27,figure,fact,-1,swiss
27,river,river,-1,swiss
27,king,king,-1,swiss
27,federal,,-1,swiss
27,majority,majority,-1,swiss
27,estimate,estimate,-1,swiss
27,begin,,-1,swiss
27,information,information,-1,swiss
27,film,,-1,swiss
27,derive,derive,-1,swiss
27,navy,navy,-1,swiss
27,action,action,-1,swiss
27,east,east,-1,swiss
27,education,education,-1,swiss
27,origin,origin,-1,swiss
27,order,order,-1,swiss
27,province,province,-1,swiss
27,version,,-1,swiss
27,writer,writer,-1,swiss
27,private,private,-1,swiss
27,recognize,consider,-1,swiss
27,home,home,-1,swiss
27,valley,valley,-1,swiss
27,party,,-1,swiss
27,island,island,-1,swiss
27,october,october,-1,swiss
28,version,version,material,swiss
28,institution,institution,institution,swiss
28,begin,include,,swiss
28,east,east,east,swiss
28,office,,,swiss
28,states,states,states,swiss
28,figure,position,era,swiss
28,king,king,king,swiss
28,estimate,approximate,estimated,swiss
28,origin,,begin,swiss
28,information,information,,swiss
28,come,arrive,,swiss
28,material,mountains,,swiss
28,mark,mark,mark,swiss
28,human,human,human,swiss
28,film,,,swiss
28,province,province,province,swiss
28,education,study,study,swiss
28,federal,Federal,,swiss
28,order,order,order,swiss
28,island,island,island,swiss
28,title,name,name,swiss
28,recognize,,,swiss
28,october,November,october,swiss
28,colony,colony,colony,swiss
28,navy,navy,navy,swiss
28,saint,Saint,saint,swiss
29,version,material,-1,swiss
29,origin,origin,-1,swiss
29,begin,,-1,swiss
29,saint,Saint,-1,swiss
29,river,river,-1,swiss
29,come,climb,-1,swiss
29,human,,-1,swiss
29,states,States,-1,swiss
29,island,island,-1,swiss
29,recognize,reported,-1,swiss
29,title,,-1,swiss
29,federal,federal,-1,swiss
29,education,education,-1,swiss
29,figure,figure,-1,swiss
29,mark,mark,-1,swiss
29,order,,-1,swiss
29,colony,colony,-1,swiss
29,october,october,-1,swiss
29,province,province,-1,swiss
29,office,power,-1,swiss
29,material,activity,-1,swiss
29,institution,institutes,-1,swiss
29,film,,-1,swiss
29,estimate,estimate,-1,swiss
29,east,East,-1,swiss
29,king,king,-1,swiss
29,navy,Navy,-1,swiss
30,version,kaanos,-1,swiss
30,title,,-1,swiss
30,majority,,-1,swiss
30,order,,-1,swiss
30,federal,,-1,swiss
30,island,island,-1,swiss
30,private,principal,-1,swiss
30,home,house,-1,swiss
30,navy,,-1,swiss
30,estimate,,-1,swiss
30,action,,-1,swiss
30,information,,-1,swiss
30,bear,,-1,swiss
30,derive,,-1,swiss
30,begin,,-1,swiss
30,education,,-1,swiss
30,recognize,recognize,-1,swiss
30,province,,-1,swiss
30,october,january,-1,swiss
30,river,,-1,swiss
30,east,east,-1,swiss
30,writer,,-1,swiss
30,film,,-1,swiss
30,figure,,-1,swiss
30,valley,,-1,swiss
30,party,,-1,swiss
30,origin,,-1,swiss
31,begin,origin,-1,swiss
31,education,school,-1,swiss
31,valley,valley,-1,swiss
31,october,october,-1,swiss
31,bear,king,-1,swiss
31,east,,-1,swiss
31,origin,origin,-1,swiss
31,order,,-1,swiss
31,province,province,-1,swiss
31,derive,derived,-1,swiss
31,home,,-1,swiss
31,king,king,-1,swiss
31,federal,,-1,swiss
31,island,island,-1,swiss
31,figure,figure,-1,swiss
31,party,programs,-1,swiss
31,action,,-1,swiss
31,writer,writers,-1,swiss
31,navy,navy,-1,swiss
31,estimate,approximately,-1,swiss
31,version,,-1,swiss
31,river,river,-1,swiss
31,film,,-1,swiss
31,recognize,taught,-1,swiss
31,majority,,-1,swiss
31,private,private,-1,swiss
31,information,program,-1,swiss
32,education,school,-1,swiss
32,origin,,-1,swiss
32,come,,-1,swiss
32,begin,started,-1,swiss
32,bear,reseigned,-1,swiss
32,majority,majority,-1,swiss
32,information,informations,-1,swiss
32,real,rice,-1,swiss
32,estimate,average,-1,swiss
32,native,native,-1,swiss
32,human,human,-1,swiss
32,river,big,-1,swiss
32,figure,,-1,swiss
32,work,try,-1,swiss
32,recognize,learned,-1,swiss
32,version,paper,-1,swiss
32,states,states,-1,swiss
32,province,municipality,-1,swiss
32,child,child,-1,swiss
32,island,,-1,swiss
32,institution,aids,-1,swiss
32,valley,valey,-1,swiss
32,home,mariage,-1,swiss
32,navy,,-1,swiss
32,century,century,-1,swiss
32,title,history,-1,swiss
32,order,order,-1,swiss
33,education,education,education,swiss
33,figure,figure,figure,swiss
33,information,memory,information,swiss
33,federal,federal,,swiss
33,title,title,title,swiss
33,party,party,parties,swiss
33,province,province,province,swiss
33,order,order,order,swiss
33,recognize,described,described,swiss
33,derive,derived,derived,swiss
33,majority,majority,majority,swiss
33,river,river,river,swiss
33,east,east,east,swiss
33,island,island,island,swiss
33,estimate,estimated,approximate,swiss
33,begin,began,begin,swiss
33,origin,origin,origin,swiss
33,navy,,,swiss
33,action,action,,swiss
33,private,private,private,swiss
33,writer,writer,writer,swiss
33,film,reality,book,swiss
33,october,october,october,swiss
33,bear,bear,bear,swiss
33,king,king,king,swiss
33,valley,valley,valley,swiss
33,version,knowledge,knowledge,swiss
34,mark,merkitse,-1,swiss
34,human,ihmisen,-1,swiss
34,education,koulutus,-1,swiss
34,material,aineistoa,-1,swiss
34,navy,laivasto,-1,swiss
34,office,toimisto,-1,swiss
34,version,kaannos,-1,swiss
34,title,ostikko,-1,swiss
34,recognize,tunnista,-1,swiss
34,island,saarella,-1,swiss
34,colony,colonies,-1,swiss
34,come,rose,-1,swiss
34,begin,,-1,swiss
34,east,east,-1,swiss
34,federal,federal,-1,swiss
34,order,order,-1,swiss
34,saint,Saint,-1,swiss
34,province,province,-1,swiss
34,origin,,-1,swiss
34,estimate,approximate,-1,swiss
34,october,october,-1,swiss
34,states,states,-1,swiss
34,figure,topic,-1,swiss
34,film,,-1,swiss
34,king,kings,-1,swiss
34,river,river,-1,swiss
34,information,information,-1,swiss
35,version,,text,swiss
35,island,island,island,swiss
35,bear,,,swiss
35,province,,city,swiss
35,private,private,main,swiss
35,origin,,,swiss
35,education,education,school,swiss
35,derive,coming,derived,swiss
35,majority,general,majority,swiss
35,king,king,king,swiss
35,title,title,name,swiss
35,figure,,event,swiss
35,information,,instructions,swiss
35,begin,,supported,swiss
35,river,river,river,swiss
35,writer,writer,,swiss
35,order,,,swiss
35,october,october,,swiss
35,action,,,swiss
35,party,people,,swiss
35,recognize,studied,,swiss
35,navy,Navy,navy,swiss
35,film,,book,swiss
35,valley,,valley,swiss
35,federal,Federal,federal,swiss
35,estimate,estimate,approximate,swiss
35,east,east,east,swiss
36,information,order,information,swiss
36,navy,navy,Navy,swiss
36,bear,king,,swiss
36,province,municipality,province,swiss
36,film,film,film,swiss
36,estimate,large,base,swiss
36,federal,city,federal,swiss
36,private,private,private,swiss
36,river,river,river,swiss
36,figure,figure,,swiss
36,order,order,order,swiss
36,title,title,title,swiss
36,valley,valley,valley,swiss
36,king,king,king,swiss
36,home,home,home,swiss
36,majority,majority,majority,swiss
36,october,october,october,swiss
36,recognize,reported,recorded,swiss
36,derive,derived,program,swiss
36,island,island,island,swiss
36,version,command,version,swiss
36,origin,origin,origin,swiss
36,action,education,education,swiss
36,writer,writer,writer,swiss
36,party,party,parties,swiss
36,education,education,education,swiss
36,east,east,east,swiss
37,island,island,island,swiss
37,province,province,province,swiss
37,child,children,children,swiss
37,federal,,,swiss
37,bear,advisor,advisor,swiss
37,human,known,known,swiss
37,estimate,official,average,swiss
37,origin,beginning,beginning,swiss
37,figure,figure,topic,swiss
37,states,States,States,swiss
37,recognize,practised,accepted,swiss
37,century,century,century,swiss
37,work,age,people,swiss
37,come,came,rose,swiss
37,version,version,version,swiss
37,majority,order,order,swiss
37,order,governance,governance,swiss
37,navy,Navy,Navy,swiss
37,home,place,house,swiss
37,information,information,information,swiss
37,institution,holdings,,swiss
37,valley,Valley,Valley,swiss
37,title,name,name,swiss
37,river,Lake,River,swiss
37,real,dollars,dollars,swiss
37,native,native,native,swiss
37,begin,got,won,swiss
38,film,,,swiss
38,title,title,king,swiss
38,estimate,estimates,estimated,swiss
38,federal,federal,federal,swiss
38,figure,,,swiss
38,begin,,,swiss
38,office,,-1,swiss
38,human,,-1,swiss
38,colony,colony,-1,swiss
38,saint,saint,-1,swiss
38,material,,-1,swiss
38,order,party,,swiss
38,come,,-1,swiss
38,education,school,school,swiss
38,october,january,January,swiss
38,river,river,river,swiss
38,information,information,information,swiss
38,origin,,,swiss
38,mark,mark,-1,swiss
38,province,colony,colony,swiss
38,island,,,swiss
38,version,material,paper,swiss
38,recognize,,,swiss
38,east,east,east,swiss
38,navy,,navy,swiss
38,king,muslims,,swiss
38,states,,-1,swiss
39,native,native,-1,swiss
39,states,states,-1,swiss
39,institution,,-1,swiss
39,education,mathematics,-1,swiss
39,child,children,-1,swiss
39,river,river,-1,swiss
39,origin,,-1,swiss
39,real,,-1,swiss
39,navy,navy,-1,swiss
39,work,,-1,swiss
39,figure,,-1,swiss
39,information,,-1,swiss
39,version,,-1,swiss
39,estimate,estimation,-1,swiss
39,begin,,-1,swiss
39,province,municipality,-1,swiss
39,home,home,-1,swiss
39,valley,,-1,swiss
39,come,came,-1,swiss
39,bear,,-1,swiss
39,century,century,-1,swiss
39,human,,-1,swiss
39,order,,-1,swiss
39,majority,,-1,swiss
39,recognize,,-1,swiss
39,title,,-1,swiss
39,federal,,-1,swiss
40,october,january ,-1,swiss
40,recognize,studied ,-1,swiss
40,office,office,-1,swiss
40,human,mental ,-1,swiss
40,mark,Saint ,-1,swiss
40,institution,institutions ,-1,swiss
40,island,island ,-1,swiss
40,states,states ,-1,swiss
40,king,king,-1,swiss
40,figure,figure ,-1,swiss
40,river,river ,-1,swiss
40,colony,colony ,-1,swiss
40,information,programs ,-1,swiss
40,navy,office ,-1,swiss
40,film,country ,-1,swiss
40,material,material ,-1,swiss
40,east,eastern ,-1,swiss
40,origin,history,-1,swiss
40,come,came,-1,swiss
40,province,province ,-1,swiss
40,federal,federal ,-1,swiss
40,estimate,estimated ,-1,swiss
40,begin,help,-1,swiss
40,education,school ,-1,swiss
40,title,figure ,-1,swiss
40,version,material ,-1,swiss
40,order,history,-1,swiss
41,majority,,general,aachen
41,child,children,children,aachen
41,navy,Navy,Navy,aachen
41,begin,imposed,detained,aachen
41,province,region,region,aachen
41,information,data,,aachen
41,states,States,States,aachen
41,estimate,big,,aachen
41,come,tried,tried,aachen
41,real,,people,aachen
41,institution,resources,,aachen
41,home,house,house,aachen
41,century,January,January,aachen
41,island,island,island,aachen
41,title,name,,aachen
41,river,river,river,aachen
41,bear,named,king,aachen
41,version,files,page,aachen
41,order,their reigns,,aachen
41,native,native,native,aachen
41,federal,National,national,aachen
41,human,,long,aachen
41,figure,shape,shape,aachen
41,work,person,,aachen
41,recognize,professed,professed,aachen
41,origin,,base,aachen
41,valley,Valley,valley,aachen
41,education,education,school,aachen
42,action,actions,organisation,aachen
42,east,,east,aachen
42,title,title,title,aachen
42,bear,,,aachen
42,home,house,house,aachen
42,begin,,,aachen
42,recognize,,run,aachen
42,province,island,,aachen
42,river,,Lake,aachen
42,party,people,pesons,aachen
42,island,island,island,aachen
42,figure,,,aachen
42,valley,,,aachen
42,derive,,,aachen
42,navy,,,aachen
42,education,school,school,aachen
42,federal,private,National,aachen
42,film,,,aachen
42,estimate,square,estimated,aachen
42,october,October,October,aachen
42,information,,data,aachen
42,majority,,people,aachen
42,order,,,aachen
42,king,king,king,aachen
42,origin,origin,origin,aachen
42,version,,,aachen
42,private,,home,aachen
42,writer,,person,aachen
43,navy,Navy,Navy,aachen
43,come,came,came,aachen
43,film,film,film,aachen
43,east,East,East,aachen
43,title,name,ruler,aachen
43,island,island,island,aachen
43,king,king,,aachen
43,origin,,,aachen
43,states,States,States,aachen
43,colony,colony,colonies,aachen
43,education,education,education,aachen
43,estimate,estimated,estimate,aachen
43,october,october,,aachen
43,mark,,Saint,aachen
43,institution,institutions,institutions,aachen
43,information,information,,aachen
43,province,,capital,aachen
43,recognize,,,aachen
43,begin,began,,aachen
43,material,activity,activity,aachen
43,human,human,human,aachen
43,order,order,order,aachen
43,federal,,,aachen
43,figure,,figure,aachen
43,version,version,,aachen
43,office,authority,information,aachen
43,saint,Saint,Saint,aachen
43,river,River,River,aachen
44,begin,start,,aachen
44,information,,,aachen
44,institution,,institution,aachen
44,origin,era,original,aachen
44,east,east,east,aachen
44,order,,,aachen
44,film,movie,,aachen
44,come,,,aachen
44,human,human,human,aachen
44,mark,major,Mark,aachen
44,saint,,,aachen
44,island,,,aachen
44,title,name,name,aachen
44,navy,,nation,aachen
44,federal,department,,aachen
44,office,,,aachen
44,version,,,aachen
44,october,January,January,aachen
44,estimate,estimate,,aachen
44,province,province,state,aachen
44,recognize,,,aachen
44,river,state,state,aachen
44,king,,,aachen
44,figure,history,figure,aachen
44,colony,,,aachen
44,education,,school,aachen
44,states,states,states,aachen
44,material,,,aachen
45,writer,author,author,aachen
45,party,,,aachen
45,navy,,navy,aachen
45,east,east,east,aachen
45,education,institutions,education,aachen
45,majority,,,aachen
45,origin,,,aachen
45,bear,,,aachen
45,information,,,aachen
45,private,privet,,aachen
45,figure,,figure,aachen
45,king,king,king,aachen
45,begin,begin,began,aachen
45,island,island,island,aachen
45,valley,,island,aachen
45,order,order,order,aachen
45,title,,,aachen
45,version,,version,aachen
45,federal,,,aachen
45,recognize,recognise,recognise,aachen
45,film,,,aachen
45,october,october,october,aachen
45,estimate,,,aachen
45,home,,,aachen
45,province,,,aachen
45,derive,,comes,aachen
45,river,,state,aachen
45,action,,,aachen
46,writer,writers,writers,aachen
46,action,program,program,aachen
46,origin,origin,origins,aachen
46,education,education,education,aachen
46,october,,January,aachen
46,island,island,island,aachen
46,figure,figure,topic,aachen
46,begin,,,aachen
46,river,river,lake,aachen
46,federal,Reports,United,aachen
46,majority,leaders,leaders,aachen
46,valley,lake,Valley,aachen
46,estimate,approximate,approximate,aachen
46,king,,,aachen
46,derive,derived,derived,aachen
46,navy,Navy,Navy,aachen
46,film,book,story,aachen
46,home,home,home,aachen
46,information,information,information,aachen
46,version,canvas,canvas,aachen
46,bear,,husband,aachen
46,province,province,province,aachen
46,recognize,described,defined,aachen
46,order,,politics,aachen
46,title,title,title,aachen
46,east,old,Small,aachen
46,private,private,private,aachen
46,party,parties,people,aachen
47,valley,Valley,valley,aachen
47,private,home,home,aachen
47,estimate,approx,estimated ,aachen
47,writer,figures ,era ,aachen
47,province,king,leader,aachen
47,river,River,river,aachen
47,bear,,,aachen
47,party,locations,,aachen
47,film,,,aachen
47,recognize,,,aachen
47,majority,,,aachen
47,education,schools ,education ,aachen
47,home,home,,aachen
47,figure,figure  ,figure ,aachen
47,derive,origin ,region ,aachen
47,title,,name,aachen
47,action,,,aachen
47,begin,,,aachen
47,origin,,,aachen
47,east,east,east,aachen
47,island,island ,island,aachen
47,information,,data,aachen
47,federal,official ,,aachen
47,version,,word,aachen
47,order,,,aachen
47,october,October ,october,aachen
47,king,king,king,aachen
47,navy,,Navy,aachen
48,writer,writer,writer,aachen
48,majority,,,aachen
48,begin,claim,,aachen
48,version,document,document,aachen
48,river,river,river,aachen
48,island,island,island,aachen
48,private,private,private,aachen
48,order,order,order,aachen
48,east,east,east,aachen
48,king,king,king,aachen
48,province,valley,,aachen
48,valley,coast,valley,aachen
48,home,home,home,aachen
48,title,title,title,aachen
48,derive,derivated,derived,aachen
48,figure,,,aachen
48,film,world,film,aachen
48,action,,,aachen
48,federal,,,aachen
48,october,november,january,aachen
48,education,education,education,aachen
48,origin,,origin,aachen
48,party,,,aachen
48,recognize,,,aachen
48,estimate,,approximate,aachen
48,bear,,,aachen
48,information,information,information,aachen
48,navy,navy,navy,aachen
49,version,version,version,aachen
49,century,century,century,aachen
49,river,river,Lake,aachen
49,origin,,,aachen
49,order,order,,aachen
49,province,province,town,aachen
49,navy,Navy,Navy,aachen
49,majority,,saints,aachen
49,bear,,father,aachen
49,estimate,,,aachen
49,information,,,aachen
49,human,human,human,aachen
49,come,came,,aachen
49,home,house,house,aachen
49,work,,,aachen
49,child,children,children,aachen
49,title,name,title,aachen
49,recognize,taught,,aachen
49,real,,,aachen
49,valley,Valley,Valley,aachen
50,real,,,aachen
50,begin,,,aachen
50,child,children,children,aachen
50,come,came,came,aachen
50,majority,,,aachen
50,figure,,,aachen
50,order,,,aachen
50,century,century,century,aachen
50,island,island,island,aachen
50,institution,,,aachen
50,human,human,human,aachen
50,native,native,native,aachen
50,version,,,aachen
50,home,home,home,aachen
50,information,,,aachen
50,estimate,,,aachen
50,province,,,aachen
50,recognize,recognised,,aachen
50,title,,,aachen
50,valley,,,aachen
50,education,,,aachen
50,states,States,States,aachen
50,bear,,,aachen
50,work,,work,aachen
50,river,,,aachen
50,federal,federal,federal,aachen
50,origin,,,aachen
50,navy,Navy,navy,aachen
51,states,,States,aachen
51,october,october,October,aachen
51,king,king,King,aachen
51,title,command,name,aachen
51,island,Island,island,aachen
51,education,university,year,aachen
51,east,East,East,aachen
51,origin,,-.,aachen
51,river,,Mountain,aachen
51,order,order,city,aachen
51,begin,have,begin,aachen
51,film,,film,aachen
51,navy,Navy,Navy,aachen
51,estimate,approximately,estimative,aachen
51,saint,,saint,aachen
51,human,,.,aachen
51,office,,city,aachen
51,institution,federal,states,aachen
51,federal,,federal,aachen
51,material,Ainestoa,.,aachen
51,recognize,,separated,aachen
51,mark,céu,mark,aachen
51,colony,colonies,colonization,aachen
51,information,,.,aachen
51,province,,navy,aachen
51,version,picture,.,aachen
51,figure,war,about,aachen
51,come,,upcoming,aachen
52,recognize,known,invented,aachen
52,east,,capital,aachen
52,institution,institutions,institutions,aachen
52,order,,civilization,aachen
52,province,leader,region,aachen
52,origin,origin,origin,aachen
52,october,october,september,aachen
52,film,,,aachen
52,material,mountains,mountains,aachen
52,king,,group,aachen
52,office,counsil,,aachen
52,begin,like,are,aachen
52,mark,king,Lord,aachen
52,title,name,name,aachen
52,colony,province,community,aachen
52,education,school,school,aachen
52,estimate,approximately,approximately,aachen
52,version,sheet,device,aachen
52,saint,saint,holy,aachen
52,federal,state,national,aachen
52,figure,era,period,aachen
52,states,nations,nations,aachen
52,human,practiced ,educational,aachen
52,come,worked,turn,aachen
52,river,saint,river,aachen
52,island,island,invation,aachen
52,navy,defence,defence,aachen
52,information,data,data,aachen
53,province,city,city,aachen
53,mark,mark,mark,aachen
53,navy,navy,Navy,aachen
53,film,,,aachen
53,october,January ,January,aachen
53,island,island,island,aachen
53,come,came,,aachen
53,origin,,,aachen
53,information,practice,,aachen
53,order,,general,aachen
53,states,states,states,aachen
53,institution,offices,,aachen
53,federal,general,state,aachen
53,title,King,name,aachen
53,office,office,,aachen
53,recognize,,,aachen
53,king,King,king,aachen
53,estimate,approximately,aproximate,aachen
53,figure,city,,aachen
53,colony,colony,colony,aachen
53,version,material,books,aachen
53,saint,caint,saint,aachen
53,begin,,,aachen
53,education,schools,school,aachen
53,river,river,water ,aachen
53,east,,,aachen
53,human,human,human,aachen
53,material,activity,activity,aachen
54,begin,were,to start,aachen
54,information,results,scores,aachen
54,recognize,suggested,studied,aachen
54,navy,,shipping,aachen
54,order,,,aachen
54,island,important city ,town,aachen
54,province,city,city,aachen
54,river,, ,aachen
54,majority,arrive,bulk,aachen
54,work,mathematician,employment,aachen
54,child,people,people,aachen
54,estimate,large,estimate,aachen
54,version,paper,copies,aachen
54,federal,,federal,aachen
54,states,States,States,aachen
54,come,assended,decided,aachen
54,home,,home,aachen
54,real,,actual,aachen
54,figure,event,event,aachen
54,title,,dottrin,aachen
54,origin,,,aachen
54,native,second,own,aachen
54,valley, ,,aachen
54,education,school, schools,aachen
54,bear, ,,aachen
54,human,useful,human,aachen
54,institution,companies,company,aachen
54,century,century,century,aachen
55,information,,,aachen
55,education,,,aachen
55,recognize,,,aachen
55,order,,,aachen
55,writer,,,aachen
55,king,,king,aachen
55,private,,,aachen
55,origin,,,aachen
55,estimate,,,aachen
55,derive,,,aachen
55,home,,,aachen
55,action,,,aachen
55,version,,,aachen
55,october,october,,aachen
55,film,,,aachen
55,party,,,aachen
55,bear,,,aachen
55,east,east,east,aachen
55,valley,,,aachen
55,river,,,aachen
55,island,island,island,aachen
55,begin,,,aachen
55,province,,region,aachen
55,title,title,,aachen
55,majority,majority,majority,aachen
55,figure,figure,,aachen
55,navy,,,aachen
55,federal,,,aachen
56,education,class,school,aachen
56,states,States,nations,aachen
56,home,house,house,aachen
56,version,,,aachen
56,bear,,,aachen
56,federal,,,aachen
56,recognize,,,aachen
56,begin,,,aachen
56,come,,,aachen
56,institution,,,aachen
56,river,lake,ocean,aachen
56,navy,navy,,aachen
56,province,region,city,aachen
56,century,century,century,aachen
56,title,,name,aachen
56,valley,town ,,aachen
56,majority,,,aachen
56,order,,,aachen
56,real,,,aachen
56,human,important,,aachen
56,origin,,,aachen
56,figure,,,aachen
56,island,,,aachen
56,native,native,native,aachen
56,child,children,children,aachen
56,work,,,aachen
56,estimate,,,aachen
56,information,,,aachen
57,version,,article,aachen
57,begin,,,aachen
57,states,,state,aachen
57,native,order,scientific,aachen
57,order,order,practice,aachen
57,title,,article,aachen
57,bear,,,aachen
57,recognize,,generated,aachen
57,navy,,nation,aachen
57,estimate,capital,unite,aachen
57,valley,,,aachen
57,real,,,aachen
57,work,,,aachen
57,river,,,aachen
57,majority,,,aachen
57,information,,,aachen
57,institution,,improvment,aachen
57,island,,,aachen
57,child,childs,childrens,aachen
57,figure,,,aachen
57,home,,,aachen
57,century,centry,century,aachen
57,come,,,aachen
57,origin,,,aachen
57,human,,,aachen
57,education,,schools,aachen
57,federal,,,aachen
57,province,,city,aachen
5,party,-1,,swiss
5,bear,-1,,swiss
5,home,-1,,swiss
5,majority,-1,majority,swiss
5,writer,-1,,swiss
5,valley,-1,valley,swiss
5,derive,-1,derived,swiss
5,private,-1,,swiss
5,action,-1,,swiss
17,work,-1,,swiss
17,child,-1,students,swiss
17,real,-1,,swiss
17,century,-1,century,swiss
17,home,-1,house,swiss
17,province,-1,province,swiss
17,majority,-1,majority,swiss
17,native,-1,native,swiss
17,bear,-1,,swiss
17,valley,-1,valley,swiss
36,begin,-1,,swiss
37,education,-1,school,swiss
7,home,-1,home,swiss
26,bear,-1,,swiss
26,native,-1,native,swiss
26,majority,-1,majority,swiss
26,valley,-1,valley,swiss
26,work,-1,,swiss
26,century,-1,century,swiss
26,child,-1,children,swiss
26,real,-1,real,swiss
26,home,-1,home,swiss
4,october,-1,,swiss
4,king,-1,King,swiss
4,valley,-1,Valley,swiss
4,writer,-1,,swiss
4,private,-1,,swiss
4,film,-1,,swiss
4,party,-1,,swiss
4,derive,-1,,swiss
4,east,-1,east,swiss
4,action,-1,,swiss
33,home,-1,,swiss
35,home,-1,house,swiss
38,majority,-1,native,swiss
38,writer,-1,city,swiss
38,action,-1,,swiss
38,private,-1,base,swiss
38,party,-1,people,swiss
38,bear,-1,,swiss
38,derive,-1,approximately,swiss
38,valley,-1,,swiss
38,home,-1,house,swiss
28,river,-1,river,swiss
18,federal,-1,,swiss
49,states,-1,States,aachen
49,begin,-1,,aachen
49,island,-1,island,aachen
49,education,-1,school,aachen
49,federal,-1,,aachen
49,native,-1,native,aachen
49,institution,-1,,aachen
49,figure,-1,action,aachen
